obsnme,obsval,weight,obgnme,i,j,oname,otype,tag,usecol
oname:sim_otype:lst_usecol:conc_tag:general.ph,8.7,1.0,oname:sim_otype:lst_usecol:conc_tag:general.ph,,,sim,lst,general.ph,conc
oname:sim_otype:lst_usecol:conc_tag:majoranion.alkalinity,2.61,1.0,oname:sim_otype:lst_usecol:conc_tag:majoranion.alkalinity,,,sim,lst,majoranion.alkalinity,conc
oname:sim_otype:lst_usecol:conc_tag:majoranion.cl,4.24,1.0,oname:sim_otype:lst_usecol:conc_tag:majoranion.cl,,,sim,lst,majoranion.cl,conc
oname:sim_otype:lst_usecol:conc_tag:majoranion.s(6),3.7,1.0,oname:sim_otype:lst_usecol:conc_tag:majoranion.s(6),,,sim,lst,majoranion.s(6),conc
oname:sim_otype:lst_usecol:conc_tag:majorcation.ca,3.74,1.0,oname:sim_otype:lst_usecol:conc_tag:majorcation.ca,,,sim,lst,majorcation.ca,conc
oname:sim_otype:lst_usecol:conc_tag:majorcation.k,4.35,1.0,oname:sim_otype:lst_usecol:conc_tag:majorcation.k,,,sim,lst,majorcation.k,conc
oname:sim_otype:lst_usecol:conc_tag:majorcation.mg,4.69,1.0,oname:sim_otype:lst_usecol:conc_tag:majorcation.mg,,,sim,lst,majorcation.mg,conc
oname:sim_otype:lst_usecol:conc_tag:majorcation.na,2.61,1.0,oname:sim_otype:lst_usecol:conc_tag:majorcation.na,,,sim,lst,majorcation.na,conc
oname:sim_otype:lst_usecol:conc_tag:minoranion.f,4.04,1.0,oname:sim_otype:lst_usecol:conc_tag:minoranion.f,,,sim,lst,minoranion.f,conc
oname:sim_otype:lst_usecol:conc_tag:trace.al,7.53,1.0,oname:sim_otype:lst_usecol:conc_tag:trace.al,,,sim,lst,trace.al,conc
oname:sim_otype:lst_usecol:conc_tag:trace.as,8.88,1.0,oname:sim_otype:lst_usecol:conc_tag:trace.as,,,sim,lst,trace.as,conc
oname:sim_otype:lst_usecol:conc_tag:trace.ba,6.24,1.0,oname:sim_otype:lst_usecol:conc_tag:trace.ba,,,sim,lst,trace.ba,conc
oname:sim_otype:lst_usecol:conc_tag:trace.cr,8.11,1.0,oname:sim_otype:lst_usecol:conc_tag:trace.cr,,,sim,lst,trace.cr,conc
oname:sim_otype:lst_usecol:conc_tag:trace.fe,5.82,1.0,oname:sim_otype:lst_usecol:conc_tag:trace.fe,,,sim,lst,trace.fe,conc
oname:sim_otype:lst_usecol:conc_tag:trace.mn,6.59,1.0,oname:sim_otype:lst_usecol:conc_tag:trace.mn,,,sim,lst,trace.mn,conc
oname:sim_otype:lst_usecol:conc_tag:trace.p,7.01,1.0,oname:sim_otype:lst_usecol:conc_tag:trace.p,,,sim,lst,trace.p,conc
oname:sim_otype:lst_usecol:conc_tag:trace.si,3.88,1.0,oname:sim_otype:lst_usecol:conc_tag:trace.si,,,sim,lst,trace.si,conc
oname:sim_otype:lst_usecol:conc_tag:trace.sr,5.79,1.0,oname:sim_otype:lst_usecol:conc_tag:trace.sr,,,sim,lst,trace.sr,conc
oname:sim_otype:lst_usecol:conc_tag:trace.u,10.1,1.0,oname:sim_otype:lst_usecol:conc_tag:trace.u,,,sim,lst,trace.u,conc
oname:calcite_otype:arr_i:0_j:0,1e-10,0.0,oname:calcite_otype:arr_i:0_j:0,0,0,calcite,arr,,
oname:dolomite_otype:arr_i:0_j:0,1e-10,0.0,oname:dolomite_otype:arr_i:0_j:0,0,0,dolomite,arr,,
oname:gypsum_otype:arr_i:0_j:0,8.829e-05,0.0,oname:gypsum_otype:arr_i:0_j:0,0,0,gypsum,arr,,
oname:strontianite_otype:arr_i:0_j:0,1.113e-06,0.0,oname:strontianite_otype:arr_i:0_j:0,0,0,strontianite,arr,,
oname:witherite_otype:arr_i:0_j:0,2.852e-07,0.0,oname:witherite_otype:arr_i:0_j:0,0,0,witherite,arr,,
oname:co2g_otype:arr_i:0_j:0,0.00045,0.0,oname:co2g_otype:arr_i:0_j:0,0,0,co2g,arr,,
oname:cax2_otype:arr_i:0_j:0,0.0003923,0.0,oname:cax2_otype:arr_i:0_j:0,0,0,cax2,arr,,
oname:mgx2_otype:arr_i:0_j:0,1.062e-05,0.0,oname:mgx2_otype:arr_i:0_j:0,0,0,mgx2,arr,,
oname:kx_otype:arr_i:0_j:0,1e-10,0.0,oname:kx_otype:arr_i:0_j:0,0,0,kx,arr,,
oname:nax_otype:arr_i:0_j:0,1e-10,0.0,oname:nax_otype:arr_i:0_j:0,0,0,nax,arr,,
oname:quartz_otype:arr_i:0_j:0,1e-10,0.0,oname:quartz_otype:arr_i:0_j:0,0,0,quartz,arr,,
oname:albite_otype:arr_i:0_j:0,1e-10,0.0,oname:albite_otype:arr_i:0_j:0,0,0,albite,arr,,
oname:kaolinite_otype:arr_i:0_j:0,1e-10,0.0,oname:kaolinite_otype:arr_i:0_j:0,0,0,kaolinite,arr,,
oname:muscovite_otype:arr_i:0_j:0,2.22e-05,0.0,oname:muscovite_otype:arr_i:0_j:0,0,0,muscovite,arr,,
oname:uraninite_otype:arr_i:0_j:0,1e-10,0.0,oname:uraninite_otype:arr_i:0_j:0,0,0,uraninite,arr,,
oname:arsenopyrite_otype:arr_i:0_j:0,1e-10,0.0,oname:arsenopyrite_otype:arr_i:0_j:0,0,0,arsenopyrite,arr,,
oname:goethite_otype:arr_i:0_j:0,3.857,0.0,oname:goethite_otype:arr_i:0_j:0,0,0,goethite,arr,,
oname:feoh3_otype:arr_i:0_j:0,1e-10,0.0,oname:feoh3_otype:arr_i:0_j:0,0,0,feoh3,arr,,
oname:siderite_otype:arr_i:0_j:0,1e-10,0.0,oname:siderite_otype:arr_i:0_j:0,0,0,siderite,arr,,
oname:mnoh3_otype:arr_i:0_j:0,5.62e-08,0.0,oname:mnoh3_otype:arr_i:0_j:0,0,0,mnoh3,arr,,
oname:fluorapatite_otype:arr_i:0_j:0,1e-10,0.0,oname:fluorapatite_otype:arr_i:0_j:0,0,0,fluorapatite,arr,,
oname:halite_otype:arr_i:0_j:0,5.119e-06,0.0,oname:halite_otype:arr_i:0_j:0,0,0,halite,arr,,
oname:illite_otype:arr_i:0_j:0,1e-10,0.0,oname:illite_otype:arr_i:0_j:0,0,0,illite,arr,,
oname:chromite_otype:arr_i:0_j:0,1.56e-09,0.0,oname:chromite_otype:arr_i:0_j:0,0,0,chromite,arr,,
oname:mix-ratio-sol-upstream_otype:arr_i:0_j:0,0.5,0.0,oname:mix-ratio-sol-upstream_otype:arr_i:0_j:0,0,0,mix-ratio-sol-upstream,arr,,
oname:mix-ratio-sol-downstream_otype:arr_i:0_j:0,0.5,0.0,oname:mix-ratio-sol-downstream_otype:arr_i:0_j:0,0,0,mix-ratio-sol-downstream,arr,,
