iteration,total_runs,obs_realization,par_realization,oname:sim_otype:lst_usecol:conc_tag:general.ph,oname:sim_otype:lst_usecol:conc_tag:majoranion.alkalinity,oname:sim_otype:lst_usecol:conc_tag:majoranion.cl,oname:sim_otype:lst_usecol:conc_tag:majoranion.s(6),oname:sim_otype:lst_usecol:conc_tag:majorcation.ca,oname:sim_otype:lst_usecol:conc_tag:majorcation.k,oname:sim_otype:lst_usecol:conc_tag:majorcation.mg,oname:sim_otype:lst_usecol:conc_tag:majorcation.na,oname:sim_otype:lst_usecol:conc_tag:minoranion.f,oname:sim_otype:lst_usecol:conc_tag:trace.al,oname:sim_otype:lst_usecol:conc_tag:trace.as,oname:sim_otype:lst_usecol:conc_tag:trace.ba,oname:sim_otype:lst_usecol:conc_tag:trace.cr,oname:sim_otype:lst_usecol:conc_tag:trace.fe,oname:sim_otype:lst_usecol:conc_tag:trace.mn,oname:sim_otype:lst_usecol:conc_tag:trace.p,oname:sim_otype:lst_usecol:conc_tag:trace.si,oname:sim_otype:lst_usecol:conc_tag:trace.sr,oname:sim_otype:lst_usecol:conc_tag:trace.u,oname:calcite_otype:arr_i:0_j:0,oname:dolomite_otype:arr_i:0_j:0,oname:gypsum_otype:arr_i:0_j:0,oname:strontianite_otype:arr_i:0_j:0,oname:witherite_otype:arr_i:0_j:0,oname:co2g_otype:arr_i:0_j:0,oname:cax2_otype:arr_i:0_j:0,oname:mgx2_otype:arr_i:0_j:0,oname:kx_otype:arr_i:0_j:0,oname:nax_otype:arr_i:0_j:0,oname:quartz_otype:arr_i:0_j:0,oname:albite_otype:arr_i:0_j:0,oname:kaolinite_otype:arr_i:0_j:0,oname:muscovite_otype:arr_i:0_j:0,oname:uraninite_otype:arr_i:0_j:0,oname:arsenopyrite_otype:arr_i:0_j:0,oname:goethite_otype:arr_i:0_j:0,oname:feoh3_otype:arr_i:0_j:0,oname:siderite_otype:arr_i:0_j:0,oname:mnoh3_otype:arr_i:0_j:0,oname:fluorapatite_otype:arr_i:0_j:0,oname:halite_otype:arr_i:0_j:0,oname:illite_otype:arr_i:0_j:0,oname:chromite_otype:arr_i:0_j:0,oname:mix-ratio-sol-upstream_otype:arr_i:0_j:0,oname:mix-ratio-sol-downstream_otype:arr_i:0_j:0
0,60,0,0,7.06097,3.75639,0.22236,9.15313,5.39283,0.147516,0.0427396,2.88505,0.0870295,0.15981,0.545304,14.5826,1.79149,0.590354,0.110047,9.92782,0.155254,0.552833,0.0078936,0,0,0,0,0,0,0,0,0,0,0,0,0,0,0,0,0,0,0,0,0,0,0,0,0,0
0,60,1,1,0.174365,0.054327,17.0593,0.0734277,1.00896,0.0266302,1.90659,1.73572,0.00565463,2.41382e-06,0.125437,0.064955,0.172108,0.00164678,1.22493,3.3056,0.0242466,0.0666021,0.00785457,0,0,0,0,0,0,0,0,0,0,0,0,0,0,0,0,0,0,0,0,0,0,0,0,0,0
0,60,2,2,8.0533,4.22659,0.0959173,12.2083,8.11301,40.7744,0.0181825,1.33679,0.0279452,22.6807,0.393936,0.194635,13.6106,0.274554,0.939431,10.631,41.4021,10.4209,0.0079246,0,0,0,0,0,0,0,0,0,0,0,0,0,0,0,0,0,0,0,0,0,0,0,0,0,0
0,60,3,3,5.62427,0.000365049,7.69423,0.0203618,0.647365,0.106809,0.0304658,3.15001,0.0480522,0.162635,0.715378,1.19783,10.3654,11.3957,4.98516,0.437197,0.112033,0.361186,4.08706,0,0,0,0,0,0,0,0,0,0,0,0,0,0,0,0,0,0,0,0,0,0,0,0,0,0
0,60,4,4,9.17169,92.0252,0.145594,55.7979,11.0528,6.34024,0.0278116,1.98515,0.0502448,16.6837,0.0641893,0.319282,8.05306,0.474933,8.92426,11.1784,8.09213,3.79415,6.95492,0,0,0,0,0,0,0,0,0,0,0,0,0,0,0,0,0,0,0,0,0,0,0,0,0,0
0,60,5,5,6.56703,0.0175648,9.48139,6.89505e-05,0.457335,0.0944521,0.0156954,2.08714,0.0184673,9.87218,0.330235,0.0603729,0.452822,2.95633,0.0392337,0.32336,0.534011,6.66754,0.00787732,0,0,0,0,0,0,0,0,0,0,0,0,0,0,0,0,0,0,0,0,0,0,0,0,0,0
0,60,6,6,4.71465,3.09052,0.864369,0.0900931,3.21584,0.0647426,2.37876,1.5412,0.028036,0.141044,0.388594,3.79443,17.5301,4.04194,16.0089,9.00161,0.0664726,0.794701,0.00785067,0,0,0,0,0,0,0,0,0,0,0,0,0,0,0,0,0,0,0,0,0,0,0,0,0,0
0,60,7,7,5.51118,3.32482,0.114376,0.0560931,3.82624,6.45861,0.0217404,1.56379,0.0364841,16.6941,3.70772,4.08169,0.686872,3.38714,4.23863,9.34808,7.9938,5.51075,0.0078527,0,0,0,0,0,0,0,0,0,0,0,0,0,0,0,0,0,0,0,0,0,0,0,0,0,0
0,60,8,8,3.27998,0.100718,0.0374818,0.163526,7.33562,0.0259053,0.868169,0.521923,0.00562167,0.170354,0.124053,0.0642025,8.22471,1.8714,23.1428,1.08936,0.0241368,24.5764,0.00786683,0,0,0,0,0,0,0,0,0,0,0,0,0,0,0,0,0,0,0,0,0,0,0,0,0,0
0,60,9,9,8.59638,4.40508,0.0611213,12.84,9.42063,3.45331,0.0114706,0.869855,0.0136127,15.1566,4.05261,0.115135,0.311322,0.167985,0.0284622,10.9019,4.44273,0.116443,0.239182,0,0,0,0,0,0,0,0,0,0,0,0,0,0,0,0,0,0,0,0,0,0,0,0,0,0
0,60,10,10,3.02642,0.000312281,0.000908401,0.000805179,0.0613158,0.0593059,0.0164225,1.24345,0.0197834,0.0274183,0.0189032,0.172199,0.592428,13.4944,0.0410867,0.333312,0.0602314,9.80837,0.00786669,0,0,0,0,0,0,0,0,0,0,0,0,0,0,0,0,0,0,0,0,0,0,0,0,0,0
0,60,11,11,3.88903,0.0557304,2.02955,2.56027,2.4342,0.195113,0.0592919,4.44179,0.12782,1.20708,1.55921,4.8577,3.11861,2.1882,0.154322,0.0341274,0.216155,0.855103,0.00789114,0,0,0,0,0,0,0,0,0,0,0,0,0,0,0,0,0,0,0,0,0,0,0,0,0,0
0,60,12,12,5.35609,2.10618,0.136241,7.84343,0.478016,0.0917888,0.279718,1.84569,0.0462865,0.150621,0.181526,5.64579,0.871955,1.41589,0.0660268,7.36189,0.0961628,12.4249,6.96667,0,0,0,0,0,0,0,0,0,0,0,0,0,0,0,0,0,0,0,0,0,0,0,0,0,0
0,60,13,13,0.0863792,8.3683e-06,0.104067,0.000659185,3.78947e-05,0.0709671,0.81532,1.43282,0.0318057,0.0084927,0.98876,4.81011,0.357793,14.3328,0.0497995,1.76322,0.0726768,0.215629,21.7978,0,0,0,0,0,0,0,0,0,0,0,0,0,0,0,0,0,0,0,0,0,0,0,0,0,0
0,60,14,14,0.0307901,8.2671e-06,8.20656,0.000735836,0.0906801,0.0550281,1.84147,1.93848,0.0215797,0.0426994,0.317436,0.157415,0.434235,14.2916,0.0379016,1.52439,0.0557164,2.88588,0.00786975,0,0,0,0,0,0,0,0,0,0,0,0,0,0,0,0,0,0,0,0,0,0,0,0,0,0
0,60,15,15,4.08824,0.000962763,0.123233,4.37175e-06,0.00703062,0.142473,0.0444433,3.1734,0.0779131,1.8491,1.11085,23.3416,9.97805,12.7308,3.01383,0.515494,0.170485,11.7693,0.00787142,0,0,0,0,0,0,0,0,0,0,0,0,0,0,0,0,0,0,0,0,0,0,0,0,0,0
0,60,16,16,4.39274,0.0115941,11.5089,0.00378185,0.171505,0.13017,17.0291,4.06724,0.0628641,0.154246,0.91,0.476022,9.02523,2.46034,0.00107702,0.476852,0.136693,8.55307,6.96515,0,0,0,0,0,0,0,0,0,0,0,0,0,0,0,0,0,0,0,0,0,0,0,0,0,0
0,60,17,17,1.81427,0.0590636,21.8925,3.29191,2.72734,0.123179,7.00436,5.05168,0.0676894,0.509826,0.608605,0.41627,1.32376,0.961854,0.0895197,1.43948,0.127244,14.127,0.00791694,0,0,0,0,0,0,0,0,0,0,0,0,0,0,0,0,0,0,0,0,0,0,0,0,0,0
0,60,18,18,5.16817,2.04402,0.063541,7.54408,0.388144,4.22392,0.150198,0.892976,0.0148212,15.6099,0.239558,0.147853,0.324421,1.52244,0.95797,7.27436,5.27092,0.12105,6.96678,0,0,0,0,0,0,0,0,0,0,0,0,0,0,0,0,0,0,0,0,0,0,0,0,0,0
0,60,19,19,0.128778,0.0274925,0.0497252,0.0121511,0.686009,0.0344906,7.36955,0.699222,0.00967789,0.0832548,4.36535,0.0898652,0.239972,0.626778,0.0228302,1.73318,0.0333569,0.091245,0.0078632,0,0,0,0,0,0,0,0,0,0,0,0,0,0,0,0,0,0,0,0,0,0,0,0,0,0
0,60,20,20,2.13015,0.074375,0.138424,2.46766,3.33792,0.0943952,4.00182,1.87461,0.0472023,0.427237,0.381267,0.299195,0.891776,1.12844,0.0671361,1.32729,0.0967919,11.1153,6.96487,0,0,0,0,0,0,0,0,0,0,0,0,0,0,0,0,0,0,0,0,0,0,0,0,0,0
0,60,21,21,9.41635,4.73249,0.0947283,11.0565,12.5062,77.2551,6.67553,1.32723,0.0272505,25.8726,0.388792,0.192203,7.04777,0.0621897,0.00463428,11.4008,76.5271,0.194073,0.00795904,0,0,0,0,0,0,0,0,0,0,0,0,0,0,0,0,0,0,0,0,0,0,0,0,0,0
0,60,22,22,0.321736,3.41637e-06,0.139887,0.0178663,0.374986,0.0950982,0.0267409,1.88882,0.0480384,0.0250863,0.614199,11.383,0.903551,14.3735,15.2994,2.1363,0.0976946,0.15102,0.00786468,0,0,0,0,0,0,0,0,0,0,0,0,0,0,0,0,0,0,0,0,0,0,0,0,0,0
0,60,23,23,6.45295,3.3193,0.185456,8.60542,3.56943,0.123823,9.33554,2.4496,0.0693454,0.158602,0.856946,8.82097,9.31167,0.833606,0.0910936,9.14573,0.130439,0.43782,6.9652,0,0,0,0,0,0,0,0,0,0,0,0,0,0,0,0,0,0,0,0,0,0,0,0,0,0
0,60,24,24,2.52082,1.91199,7.58781,0.0744113,0.700105,0.0111985,1.03532,0.864066,0.00247581,7.48546,0.0798485,0.042883,7.85432,5.08118,23.9894,7.35335,0.126451,12.5958,0.00786404,0,0,0,0,0,0,0,0,0,0,0,0,0,0,0,0,0,0,0,0,0,0,0,0,0,0
0,60,25,25,0.828031,0.0100264,1.90549,0.00345663,3.12553,0.0885919,25.4253,2.41913,0.0520812,2.18989,0.00673149,6.01141,0.984082,1.54249,0.072341,0.932977,0.115332,0.332004,6.96732,0,0,0,0,0,0,0,0,0,0,0,0,0,0,0,0,0,0,0,0,0,0,0,0,0,0
0,60,26,26,0.0645863,0.00787174,0.186878,1.44729,0.0202894,0.125523,0.365858,2.45939,0.0702785,0.0151129,0.863753,0.0754795,14.3097,0.11552,0.0917904,2.18259,0.130161,13.4481,6.96688,0,0,0,0,0,0,0,0,0,0,0,0,0,0,0,0,0,0,0,0,0,0,0,0,0,0
0,60,27,27,3.21574,0.00448057,0.0517577,0.0445632,1.46835,0.0356896,12.79,0.727851,0.0101258,0.142774,1.13304,12.7909,0.251991,1.98904,0.0238272,0.0494846,0.0349698,0.0955534,0.00785678,0,0,0,0,0,0,0,0,0,0,0,0,0,0,0,0,0,0,0,0,0,0,0,0,0,0
0,60,28,28,0.523762,0.00360357,0.0522095,0.0268203,1.28844,0.175101,0.0194522,3.50489,0.10708,0.0902499,0.862215,0.648314,6.72591,0.412129,8.17827,2.62732,0.179715,0.687103,0.00785664,0,0,0,0,0,0,0,0,0,0,0,0,0,0,0,0,0,0,0,0,0,0,0,0,0,0
0,60,29,29,5.14603,0.000785037,6.31705,0.165611,5.29106,0.145776,0.071508,5.72224,0.158674,5.31514,1.94352,1.00294,4.50082,11.7511,0.187147,0.00137323,0.344165,6.82167,36.1467,0,0,0,0,0,0,0,0,0,0,0,0,0,0,0,0,0,0,0,0,0,0,0,0,0,0
0,60,30,30,5.41479,0.000145173,0.0802565,0.0938466,3.03819,0.00312891,0.0151647,1.1158,0.0192819,6.60879,0.317136,0.157225,6.03089,11.5479,3.89973,0.141978,0.156926,0.15852,0.00785988,0,0,0,0,0,0,0,0,0,0,0,0,0,0,0,0,0,0,0,0,0,0,0,0,0,0
0,60,31,31,5.49379,2.39414,9.45621,8.13325,0.957114,0.0503771,1.30712,1.91629,0.0187614,0.0857229,4.87815,4.86157,0.388715,1.31776,0.0345299,7.81014,0.050909,0.143265,0.00759827,0,0,0,0,0,0,0,0,0,0,0,0,0,0,0,0,0,0,0,0,0,0,0,0,0,0
0,60,32,32,6.97815,0.00125969,0.175545,0.0509213,1.64816,0.118256,0.0335791,2.32545,0.054793,10.5786,14.8624,16.1268,1.24791,10.1754,0.0860016,0.45589,0.886516,16.1513,0.00787254,0,0,0,0,0,0,0,0,0,0,0,0,0,0,0,0,0,0,0,0,0,0,0,0,0,0
0,60,33,33,5.19595,0.000344352,0.142476,0.147973,4.74632,0.0344312,0.027241,1.91556,0.0480549,5.68489,0.154227,17.2014,0.925003,11.7162,9.936,0.00195837,0.179889,6.70716,0.00785141,0,0,0,0,0,0,0,0,0,0,0,0,0,0,0,0,0,0,0,0,0,0,0,0,0,0
0,60,34,34,7.12304,3.97947,0.684775,0.0397216,6.73301,0.0392172,4.43027,0.957438,0.0122866,0.119163,0.209216,0.105244,0.282955,2.3463,0.0263365,10.2518,0.038856,0.106518,6.96319,0,0,0,0,0,0,0,0,0,0,0,0,0,0,0,0,0,0,0,0,0,0,0,0,0,0
0,60,35,35,1.49827,0.00786892,0.118397,0.0803205,3.6193,0.0812362,2.54385,1.61394,0.0383285,0.440805,6.39962,0.248197,10.029,0.929739,20.1057,2.14744,0.0821347,15.4202,6.96554,0,0,0,0,0,0,0,0,0,0,0,0,0,0,0,0,0,0,0,0,0,0,0,0,0,0
0,60,36,36,5.70284,0.000359872,4.18679,0.000788889,0.0600062,0.000535328,0.0161307,1.70356,0.0192558,7.66215,0.204293,8.85697,6.05703,11.3434,0.0403414,0.329602,0.230841,5.16976,0.00787125,0,0,0,0,0,0,0,0,0,0,0,0,0,0,0,0,0,0,0,0,0,0,0,0,0,0
0,60,37,37,5.04574,0.000994688,0.0902139,0.0840731,2.72482,0.0611967,3.3081,1.2489,0.0239283,0.123579,0.432104,0.180308,12.4594,1.28778,0.0428448,0.0752259,0.0629224,0.181842,8.30451,0,0,0,0,0,0,0,0,0,0,0,0,0,0,0,0,0,0,0,0,0,0,0,0,0,0
0,60,38,38,0.891298,0.00160839,0.0292327,0.0922344,2.69973,0.0209729,0.00529875,0.407461,0.00315163,0.207421,0.0903614,19.5623,0.127088,14.3225,10.4207,2.73881,0.0178863,0.0498508,0.00787536,0,0,0,0,0,0,0,0,0,0,0,0,0,0,0,0,0,0,0,0,0,0,0,0,0,0
0,60,39,39,3.06358,0.0232401,9.8149,0.0687206,2.81249,0.0754238,25.722,2.58899,0.034656,0.0266685,0.465977,22.055,6.24388,1.82049,0.0531591,0.319358,0.0774711,4.75233,6.96509,0,0,0,0,0,0,0,0,0,0,0,0,0,0,0,0,0,0,0,0,0,0,0,0,0,0
0,60,40,40,6.43735,0.00504362,0.123963,0.0277436,0.896538,0.044216,9.11614,1.68833,0.0339536,9.55228,31.4385,17.09,0.765835,2.05568,0.0598056,0.391502,0.539199,0.265882,0.00787757,0,0,0,0,0,0,0,0,0,0,0,0,0,0,0,0,0,0,0,0,0,0,0,0,0,0
0,60,41,41,0.0316791,7.53889e-06,7.74218,0.000386764,0.0553488,0.0324806,1.99787,1.28743,0.00855459,0.0435802,0.163697,0.0833653,4.73587,14.2927,0.0213133,1.64142,0.0310569,0.0848111,17.124,0,0,0,0,0,0,0,0,0,0,0,0,0,0,0,0,0,0,0,0,0,0,0,0,0,0
0,60,42,42,5.61131,2.60473,2.25706,8.4986,1.39792,2.92561,0.0203678,1.86975,0.0330786,14.9043,14.5054,0.220777,10.945,1.2347,12.0263,8.22542,4.21849,2.98003,0.00788862,0,0,0,0,0,0,0,0,0,0,0,0,0,0,0,0,0,0,0,0,0,0,0,0,0,0
0,60,43,43,10.1507,89.5568,0.020863,50.1668,14.3875,0.0145377,29.3318,0.300941,0.00100701,0.100687,0.058743,0.0326854,12.4131,0.717933,0.670864,11.6364,0.0131249,0.785337,0.00802521,0,0,0,0,0,0,0,0,0,0,0,0,0,0,0,0,0,0,0,0,0,0,0,0,0,0
0,60,44,44,6.38565,3.75752,0.0621734,0.073889,5.72675,14.7603,5.86846,0.871447,0.014351,18.9242,0.233022,0.116704,0.315304,2.83661,4.43472,9.92518,15.8181,15.1939,6.96425,0,0,0,0,0,0,0,0,0,0,0,0,0,0,0,0,0,0,0,0,0,0,0,0,0,0
0,60,45,45,5.86143,3.47174,0.153789,0.0639156,4.41436,0.147746,0.0293356,2.05956,0.0545815,10.6899,0.686605,0.338674,5.39965,3.18084,0.074918,9.55206,0.886324,0.34591,0.00785476,0,0,0,0,0,0,0,0,0,0,0,0,0,0,0,0,0,0,0,0,0,0,0,0,0,0
0,60,46,46,0.256837,0.00492554,0.0936245,0.0375101,0.480884,0.0644223,0.445937,1.29473,0.0273082,0.0094352,0.381489,0.188427,0.528405,0.0449533,0.0445598,2.43596,0.0649264,0.976719,0.0078664,0,0,0,0,0,0,0,0,0,0,0,0,0,0,0,0,0,0,0,0,0,0,0,0,0,0
0,60,47,47,6.07261,3.32168,0.142954,5.78888,3.52605,0.0962767,0.0273398,1.92772,0.0494522,0.124789,0.630196,0.310612,1.50996,1.1574,0.463304,9.30705,0.100632,1.09824,6.96548,0,0,0,0,0,0,0,0,0,0,0,0,0,0,0,0,0,0,0,0,0,0,0,0,0,0
0,60,48,48,0.308718,0.000573369,11.1041,0.00831231,23.9151,0.0584518,9.14114,2.33876,0.0208971,0.984259,0.362483,8.37117,0.775748,0.75965,8.4583,0.337947,0.0652436,0.180783,0.00786547,0,0,0,0,0,0,0,0,0,0,0,0,0,0,0,0,0,0,0,0,0,0,0,0,0,0
0,60,49,49,0.375575,0.000891402,0.0631262,0.00816003,26.2814,0.0434333,10.3129,0.886002,0.0116713,0.125494,2.63017e-05,18.4893,11.055,0.85787,9.58161,0.281412,0.043347,0.120083,6.96724,0,0,0,0,0,0,0,0,0,0,0,0,0,0,0,0,0,0,0,0,0,0,0,0,0,0
0,60,50,50,7.0785,3.86269,6.03232,8.31143,5.9758,23.4299,11.5776,1.74121,0.0207571,20.4812,2.12327,0.153315,14.2208,0.595767,0.0369858,10.0029,24.4572,0.154622,6.96339,0,0,0,0,0,0,0,0,0,0,0,0,0,0,0,0,0,0,0,0,0,0,0,0,0,0
0,60,51,51,0.184167,2.61131e-05,16.1036,0.0105728,19.3884,0.139755,7.08248,4.84894,0.0706418,0.687744,6.57964,0.504236,1.68252,0.552505,6.59251,0.497532,0.151306,0.525021,0.00786303,0,0,0,0,0,0,0,0,0,0,0,0,0,0,0,0,0,0,0,0,0,0,0,0,0,0
0,60,52,52,0.0189489,0.000182979,4.68547,0.00172955,0.2056,0.111827,2.18471,2.95616,0.0602841,0.0553631,3.80717,0.371814,2.79888,14.2747,2.40565,1.33516,0.116542,11.883,0.00787574,0,0,0,0,0,0,0,0,0,0,0,0,0,0,0,0,0,0,0,0,0,0,0,0,0,0
0,60,53,53,6.61053,3.64949,0.100797,7.86473,4.86249,0.0684976,0.0191524,1.39173,0.0303421,0.114781,0.416862,1.44958,0.582357,0.759988,0.0481633,9.78645,0.0708415,1.23537,0.00787322,0,0,0,0,0,0,0,0,0,0,0,0,0,0,0,0,0,0,0,0,0,0,0,0,0,0
0,60,54,54,8.76707,4.42963,0.0759843,13.0591,9.74475,0.0518336,17.1308,1.07475,0.0194495,0.113773,9.33268,0.14848,0.408252,0.140528,0.0358198,10.8722,0.05373,9.57814,6.95796,0,0,0,0,0,0,0,0,0,0,0,0,0,0,0,0,0,0,0,0,0,0,0,0,0,0
0,60,55,55,8.0887,4.19836,0.126473,12.3172,7.9278,0.0851139,0.0241279,1.73277,0.0414751,0.113971,0.546751,0.269476,0.790672,0.267392,18.6403,10.5833,0.0898903,8.7985,0.00792797,0,0,0,0,0,0,0,0,0,0,0,0,0,0,0,0,0,0,0,0,0,0,0,0,0,0
0,60,56,56,5.61923,2.50762,0.210908,9.61057,1.18385,0.140161,0.040519,2.75288,0.0814608,0.164095,0.997521,0.496285,1.64935,1.13876,0.303467,8.06431,0.147759,0.51631,0.00789685,0,0,0,0,0,0,0,0,0,0,0,0,0,0,0,0,0,0,0,0,0,0,0,0,0,0
0,60,57,57,6.20876,3.54006,6.44206,0.0262693,4.56879,12.7073,5.8365,1.16348,0.00787126,18.445,0.154795,1.15127,10.1426,2.88148,0.975763,9.58286,13.5888,0.0805804,6.96495,0,0,0,0,0,0,0,0,0,0,0,0,0,0,0,0,0,0,0,0,0,0,0,0,0,0
0,60,58,58,3.33432,0.000165141,0.0696542,0.0213419,0.693109,0.0478437,0.0131131,0.97478,0.0164657,0.108578,2.84727,20.5732,0.363251,13.2837,8.75326,0.00199457,0.0481438,0.134538,0.00787099,0,0,0,0,0,0,0,0,0,0,0,0,0,0,0,0,0,0,0,0,0,0,0,0,0,0
0,60,base,base,0.0464741,4.03052e-05,0.00153186,0.00213787,0.0339756,0.0869628,1.70216,1.79812,0.0426357,0.0266165,0.183341,0.120637,0.00648872,0.00180408,0.0406647,1.63842,0.0898871,0.133127,1.75309,0,0,0,0,0,0,0,0,0,0,0,0,0,0,0,0,0,0,0,0,0,0,0,0,0,0
1,168,0,0,0.433453,5.56179e-05,1.61787,0.010777,0.607815,0.0908391,0.669854,2.1721,0.0450304,0.056761,0.0995752,6.80528,2.40031,0.30775,2.47647,2.17782,0.0929621,4.13885,6.9668,0,0,0,0,0,0,0,0,0,0,0,0,0,0,0,0,0,0,0,0,0,0,0,0,0,0
1,168,1,1,0.379913,0.00152244,6.01254,0.0225155,0.689724,0.0537861,0.889715,1.72218,0.0205538,0.0375951,0.463658,3.02316,0.813201,0.218195,1.26187,2.39196,0.0533449,2.76251,6.86314,0,0,0,0,0,0,0,0,0,0,0,0,0,0,0,0,0,0,0,0,0,0,0,0,0,0
1,168,2,2,0.543939,1.99794e-05,2.50228,0.0310285,0.970261,0.0884174,1.64999,2.21419,0.04334,0.0926647,0.301305,4.01178,0.806727,0.380962,2.13744,2.27498,0.090236,3.38128,6.96675,0,0,0,0,0,0,0,0,0,0,0,0,0,0,0,0,0,0,0,0,0,0,0,0,0,0
1,168,3,3,0.458032,0.000121704,2.26754,0.0145685,0.66276,0.087397,0.805709,2.16859,0.042639,0.0642979,0.172647,2.09143,4.31879,0.321182,2.30403,2.17851,0.0892199,2.72207,6.85058,0,0,0,0,0,0,0,0,0,0,0,0,0,0,0,0,0,0,0,0,0,0,0,0,0,0
1,168,4,4,1.32653,0.0162584,1.82089,0.0428642,2.50416,0.0717001,6.60475,1.77946,0.0318925,0.391899,2.07157,4.07926,1.73716,0.771312,2.00203,1.92615,0.0721829,4.65422,6.96618,0,0,0,0,0,0,0,0,0,0,0,0,0,0,0,0,0,0,0,0,0,0,0,0,0,0
1,168,5,5,2.0241,0.0551756,3.64752,0.0217086,3.54936,0.0702719,2.82748,1.91832,0.0309084,0.460543,0.0496329,1.16202,1.42407,1.10399,0.950375,1.49017,0.0706373,3.81133,5.70104,0,0,0,0,0,0,0,0,0,0,0,0,0,0,0,0,0,0,0,0,0,0,0,0,0,0
1,168,6,6,0.474437,0.000100194,0.914976,0.0198675,0.820089,0.0761571,1.21213,1.77652,0.0349812,0.0683623,0.058313,4.76665,4.3793,0.344544,4.47965,2.30642,0.0772744,3.5976,6.77243,0,0,0,0,0,0,0,0,0,0,0,0,0,0,0,0,0,0,0,0,0,0,0,0,0,0
1,168,7,7,0.373317,2.39265e-05,0.567559,0.000819635,0.445829,0.079524,0.314407,1.80066,0.0372718,0.038565,0.0125322,4.61491,2.61016,0.270718,1.25895,2.14205,0.0810307,3.13113,6.96683,0,0,0,0,0,0,0,0,0,0,0,0,0,0,0,0,0,0,0,0,0,0,0,0,0,0
1,168,8,8,0.579421,0.000156851,0.932856,0.0422502,1.20552,0.0714131,2.37064,1.67584,0.0318472,0.102843,0.0254547,4.31452,2.71725,0.417457,4.57825,2.39127,0.0720316,7.96028,6.96672,0,0,0,0,0,0,0,0,0,0,0,0,0,0,0,0,0,0,0,0,0,0,0,0,0,0
1,168,9,9,1.10747,0.0195416,0.459876,2.53595,3.38866,0.0523163,27.6011,1.54346,0.0295333,2.93297,1.85886,3.51715,0.177891,0.945272,1.42198,1.0353,0.0844641,3.26645,5.8273,0,0,0,0,0,0,0,0,0,0,0,0,0,0,0,0,0,0,0,0,0,0,0,0,0,0
1,168,10,10,0.0531709,1.25819e-05,0.659594,1.12837,0.025178,0.0685862,1.59826,1.59454,0.0302332,0.0227425,4.76739e-05,0.0419315,1.16145,0.0841442,0.0479957,1.66933,0.0701639,6.28857,5.47553,0,0,0,0,0,0,0,0,0,0,0,0,0,0,0,0,0,0,0,0,0,0,0,0,0,0
1,168,11,11,0.479601,0.000921364,2.09583,0.0126615,0.627941,0.0953098,0.719756,2.3201,0.0481848,0.0722869,0.977816,4.00949,0.93749,0.322829,1.53517,2.0915,0.0976748,2.85861,5.62756,0,0,0,0,0,0,0,0,0,0,0,0,0,0,0,0,0,0,0,0,0,0,0,0,0,0
1,168,12,12,0.375407,0.000423598,0.736728,0.00127424,0.395879,0.0837981,0.22912,1.91464,0.0401619,0.0394588,0.0281731,5.10033,1.9474,0.264657,1.15223,2.05864,0.0855888,7.00773,6.96684,0,0,0,0,0,0,0,0,0,0,0,0,0,0,0,0,0,0,0,0,0,0,0,0,0,0
1,168,13,13,0.375406,0.000246822,0.768043,0.00106377,0.411493,0.0745646,0.254853,1.72658,0.0339549,0.0389635,0.226244,3.55048,2.00825,0.266717,1.7644,2.08618,0.0757753,3.38945,6.96685,0,0,0,0,0,0,0,0,0,0,0,0,0,0,0,0,0,0,0,0,0,0,0,0,0,0
1,168,14,14,0.0142446,0.000437299,4.38381,0.0281223,0.0989073,0.0604798,2.56423,1.7724,0.0250744,0.0671844,0.0146355,0.318318,0.64015,0.00851703,0.176299,1.64822,0.0617342,3.44438,3.75649,0,0,0,0,0,0,0,0,0,0,0,0,0,0,0,0,0,0,0,0,0,0,0,0,0,0
1,168,15,15,0.312507,0.000236222,1.71694,0.00492283,0.265751,0.0876121,0.0479581,2.11767,0.0428161,0.0232212,0.0599521,6.83739,4.69305,0.229264,2.17245,2.02488,0.0897519,5.2698,6.96685,0,0,0,0,0,0,0,0,0,0,0,0,0,0,0,0,0,0,0,0,0,0,0,0,0,0
1,168,16,16,0.392428,0.000226657,1.36241,0.00321462,0.459625,0.0835665,0.345832,1.98949,0.0400174,0.0442393,0.24058,4.55516,2.38699,0.277735,1.83282,2.10355,0.0852941,3.96806,5.66071,0,0,0,0,0,0,0,0,0,0,0,0,0,0,0,0,0,0,0,0,0,0,0,0,0,0
1,168,17,17,0.290574,0.0002079,2.19247,0.014769,0.222181,0.0801625,0.0142838,2.00827,0.0377405,0.0178999,0.720691,4.13928,1.8553,0.216717,2.33538,2.00712,0.0817969,5.35724,1.84815,0,0,0,0,0,0,0,0,0,0,0,0,0,0,0,0,0,0,0,0,0,0,0,0,0,0
1,168,18,18,0.468211,0.000416229,2.99581,0.0134606,0.644097,0.0731846,0.759348,1.92908,0.0329828,0.0667533,0.90322,3.89646,1.76619,0.321652,1.19038,2.13781,0.0740915,3.30415,6.96681,0,0,0,0,0,0,0,0,0,0,0,0,0,0,0,0,0,0,0,0,0,0,0,0,0,0
1,168,19,19,0.25666,0.0363348,0.0134058,0.00631927,1.05825,0.0403457,10.1525,0.908687,0.0140252,0.871427,2.17006,0.505542,0.696078,0.862274,0.779547,1.67255,0.0437466,1.14215,0.526934,0,0,0,0,0,0,0,0,0,0,0,0,0,0,0,0,0,0,0,0,0,0,0,0,0,0
1,168,20,20,1.08252,0.0155547,0.679718,0.0127361,1.70293,0.0842418,3.78755,1.91103,0.0403282,0.306039,0.683625,3.70945,0.690207,0.61713,1.48937,1.8908,0.0856749,6.34738,6.9664,0,0,0,0,0,0,0,0,0,0,0,0,0,0,0,0,0,0,0,0,0,0,0,0,0,0
1,168,21,21,0.455475,4.70753e-05,0.709128,0.0145971,0.674494,0.0787162,0.833909,1.803,0.0367091,0.062846,0.481681,4.74219,2.40068,0.321899,3.01492,2.1999,0.0800365,4.34626,6.96681,0,0,0,0,0,0,0,0,0,0,0,0,0,0,0,0,0,0,0,0,0,0,0,0,0,0
1,168,22,22,0.344648,0.000219218,0.788301,0.000162962,0.339264,0.0810651,0.137107,1.86574,0.0383249,0.0310103,0.0915195,3.78524,1.57937,0.248511,4.63738,2.06114,0.0827307,3.33662,6.05334,0,0,0,0,0,0,0,0,0,0,0,0,0,0,0,0,0,0,0,0,0,0,0,0,0,0
1,168,23,23,0.461002,0.000101537,1.95916,0.0149004,0.675081,0.0740962,0.835968,1.8495,0.0336061,0.0642942,1.1137,4.10956,1.61315,0.323474,2.29879,2.18723,0.0750791,4.36724,6.21907,0,0,0,0,0,0,0,0,0,0,0,0,0,0,0,0,0,0,0,0,0,0,0,0,0,0
1,168,24,24,0.278738,0.000419153,1.05246,0.0210495,0.184072,0.087857,0.000698741,2.04334,0.043005,0.0156884,1.6552,4.59634,1.39326,0.207404,0.0623094,1.96226,0.0900336,2.28836,6.96688,0,0,0,0,0,0,0,0,0,0,0,0,0,0,0,0,0,0,0,0,0,0,0,0,0,0
1,168,25,25,0.394704,0.000111964,1.95795,0.00353963,0.483023,0.0813219,0.39117,2.00803,0.0384881,0.0447177,0.0229558,4.31917,2.13395,0.281396,2.12843,2.12974,0.0829396,3.30462,6.96682,0,0,0,0,0,0,0,0,0,0,0,0,0,0,0,0,0,0,0,0,0,0,0,0,0,0
1,168,26,26,0.397614,7.61759e-05,0.546751,0.00334321,0.569355,0.0869304,0.567609,1.94898,0.0423413,0.0456903,0.260587,4.07212,6.36833,0.293219,2.40184,2.23647,0.0888195,6.402,6.96678,0,0,0,0,0,0,0,0,0,0,0,0,0,0,0,0,0,0,0,0,0,0,0,0,0,0
1,168,27,27,0.59525,6.75344e-05,0.251765,0.0347455,1.10678,0.0532194,2.05338,1.19106,0.020174,0.107512,0.291184,7.88392,0.603036,0.410402,1.22336,2.29233,0.0525586,1.00542,1.02641,0,0,0,0,0,0,0,0,0,0,0,0,0,0,0,0,0,0,0,0,0,0,0,0,0,0
1,168,28,28,0.470911,0.000251205,0.643839,0.0202333,0.843077,0.121456,1.27277,2.65516,0.0669016,0.0700472,0.326148,2.81663,2.62686,0.346389,3.99786,2.33171,0.124964,1.64612,0.924296,0,0,0,0,0,0,0,0,0,0,0,0,0,0,0,0,0,0,0,0,0,0,0,0,0,0
1,168,29,29,0.360544,0.000150127,1.12701,0.000131593,0.386497,0.0760168,0.210255,1.80205,0.0349073,0.0349331,0.338126,4.83463,2.11271,0.259324,3.25542,2.09052,0.0773016,3.69019,5.80022,0,0,0,0,0,0,0,0,0,0,0,0,0,0,0,0,0,0,0,0,0,0,0,0,0,0
1,168,30,30,1.04499,0.00345436,0.566845,0.0591979,2.24903,0.0742193,4.03423,1.68308,0.0336235,0.283645,0.138001,0.622335,2.37938,0.659271,1.89282,2.21464,0.0748349,1.60652,5.53566,0,0,0,0,0,0,0,0,0,0,0,0,0,0,0,0,0,0,0,0,0,0,0,0,0,0
1,168,31,31,0.445655,0.00019705,2.5334,0.0113696,0.610454,0.0727331,0.677355,1.87659,0.0326979,0.0594746,0.77637,4.88566,1.3111,0.311359,1.67599,2.15434,0.0736559,3.2308,5.94977,0,0,0,0,0,0,0,0,0,0,0,0,0,0,0,0,0,0,0,0,0,0,0,0,0,0
1,168,32,32,0.4427,0.00021481,2.38129,0.0112418,0.600596,0.0831662,0.65465,2.09002,0.0397383,0.05926,0.589283,3.15495,1.17854,0.309355,0.708059,2.14754,0.0847831,4.12259,6.96681,0,0,0,0,0,0,0,0,0,0,0,0,0,0,0,0,0,0,0,0,0,0,0,0,0,0
1,168,33,33,0.512006,0.0001273,1.40885,0.028658,0.956772,0.0803296,1.6057,1.92328,0.0377844,0.080828,0.139423,6.14298,1.49418,0.370762,2.28739,2.34014,0.0816486,2.97693,6.96675,0,0,0,0,0,0,0,0,0,0,0,0,0,0,0,0,0,0,0,0,0,0,0,0,0,0
1,168,34,34,0.469279,0.000241162,2.44219,0.017985,0.82949,0.063239,1.23177,1.65422,0.0264831,0.0656391,0.62735,2.71576,1.98658,0.344252,1.36854,2.33481,0.0634392,3.37512,6.96676,0,0,0,0,0,0,0,0,0,0,0,0,0,0,0,0,0,0,0,0,0,0,0,0,0,0
1,168,35,35,0.521808,0.000233699,1.28024,0.0317468,1.01684,0.0801153,1.78356,1.90353,0.0376543,0.0839056,2.09655,4.5641,3.25757,0.3804,7.55839,2.3678,0.0813889,6.88863,4.43065,0,0,0,0,0,0,0,0,0,0,0,0,0,0,0,0,0,0,0,0,0,0,0,0,0,0
1,168,36,36,0.406747,0.000194929,1.21353,0.00517794,0.501805,0.0784755,0.431752,1.86363,0.0365594,0.0481091,0.225665,3.84646,2.40493,0.287081,1.24755,2.12248,0.0798495,3.62701,6.96683,0,0,0,0,0,0,0,0,0,0,0,0,0,0,0,0,0,0,0,0,0,0,0,0,0,0
1,168,37,37,0.598331,9.9207e-06,0.616598,0.0409927,1.2022,0.0688748,2.35688,1.5827,0.0301995,0.10975,0.879996,2.09991,4.37662,0.422096,2.07254,2.35323,0.0694349,1.78118,6.96673,0,0,0,0,0,0,0,0,0,0,0,0,0,0,0,0,0,0,0,0,0,0,0,0,0,0
1,168,38,38,0.499788,3.34017e-06,1.77371,0.0239435,0.858663,0.0645875,1.32516,1.62082,0.0273477,0.0757518,0.0567706,7.1727,1.51514,0.355939,2.95119,2.28153,0.0648406,3.536,5.50574,0,0,0,0,0,0,0,0,0,0,0,0,0,0,0,0,0,0,0,0,0,0,0,0,0,0
1,168,39,39,0.327591,0.000116064,1.09125,0.00225408,0.311505,0.0737408,0.0983296,1.74976,0.0333951,0.0262991,0.991508,3.31528,1.54289,0.239972,1.09714,2.06694,0.0749123,4.25953,6.96685,0,0,0,0,0,0,0,0,0,0,0,0,0,0,0,0,0,0,0,0,0,0,0,0,0,0
1,168,40,40,3.71905,0.0404343,0.0811504,0.0241049,2.83066,0.0764894,6.22892,1.70972,0.0371371,0.880819,17.3311,10.4722,0.429627,2.14387,1.02568,0.0995598,0.084673,1.58607,5.05474,0,0,0,0,0,0,0,0,0,0,0,0,0,0,0,0,0,0,0,0,0,0,0,0,0,0
1,168,41,41,0.335059,0.000530641,2.34117,0.00114231,0.290436,0.0645686,0.0748551,1.67782,0.0273564,0.0277869,0.0438956,2.79451,1.97483,0.238933,0.516252,2.01037,0.0650614,2.63265,6.96687,0,0,0,0,0,0,0,0,0,0,0,0,0,0,0,0,0,0,0,0,0,0,0,0,0,0
1,168,42,42,0.475904,2.97283e-05,1.98727,0.0185545,0.744458,0.0771281,1.01488,1.91829,0.035633,0.0691724,0.0872732,4.76904,2.18808,0.335915,2.04949,2.22319,0.0783087,3.62054,6.96679,0,0,0,0,0,0,0,0,0,0,0,0,0,0,0,0,0,0,0,0,0,0,0,0,0,0
1,168,43,43,0.643143,0.000502909,1.62124,0.0358365,1.17176,0.0883608,2.24604,2.11722,0.043273,0.128875,0.0296351,4.40395,1.98516,0.430953,2.69532,2.23929,0.0901025,4.28698,6.96669,0,0,0,0,0,0,0,0,0,0,0,0,0,0,0,0,0,0,0,0,0,0,0,0,0,0
1,168,44,44,0.415507,6.66258e-05,1.72023,0.0068682,0.55059,0.0768764,0.536036,1.88592,0.0354776,0.0505099,0.228369,4.43675,4.188,0.295678,2.125,2.161,0.0781198,3.58246,6.96682,0,0,0,0,0,0,0,0,0,0,0,0,0,0,0,0,0,0,0,0,0,0,0,0,0,0
1,168,45,45,0.559955,0.00110068,0.736041,0.0424015,1.27437,0.0955242,2.57924,2.15246,0.048294,0.0976583,0.140331,1.99647,3.52241,0.420137,0.838657,2.49211,0.097724,1.88222,4.1124,0,0,0,0,0,0,0,0,0,0,0,0,0,0,0,0,0,0,0,0,0,0,0,0,0,0
1,168,46,46,0.483136,5.48635e-05,0.0359974,0.0218261,0.758354,0.0665512,1.05891,1.41623,0.0285943,0.0707449,0.182497,1.84054,0.181111,0.315501,0.0497291,2.22091,0.0670227,0.500041,0.395361,0,0,0,0,0,0,0,0,0,0,0,0,0,0,0,0,0,0,0,0,0,0,0,0,0,0
1,168,47,47,0.462501,6.52166e-05,0.502966,0.0171698,0.770637,0.0843225,1.07765,1.88743,0.0405236,0.0652236,0.165824,3.6825,1.71411,0.335419,1.30518,2.28659,0.0859694,1.97771,6.96678,0,0,0,0,0,0,0,0,0,0,0,0,0,0,0,0,0,0,0,0,0,0,0,0,0,0
1,168,48,48,0.361451,0.000262276,1.78342,0.000180833,0.375435,0.0767777,0.193122,1.89153,0.0354177,0.0352368,0.576846,3.66079,1.45285,0.258068,1.6315,2.07028,0.0780987,3.75346,5.49535,0,0,0,0,0,0,0,0,0,0,0,0,0,0,0,0,0,0,0,0,0,0,0,0,0,0
1,168,49,49,0.400351,0.000208466,0.743353,0.0040683,0.481835,0.0713427,0.390138,1.65321,0.0317771,0.0458109,1.17256,6.41942,2.4125,0.282753,2.7783,2.11506,0.0722192,4.30514,6.96684,0,0,0,0,0,0,0,0,0,0,0,0,0,0,0,0,0,0,0,0,0,0,0,0,0,0
1,168,50,50,0.445409,2.1986e-05,0.552162,0.0129727,0.654716,0.0794349,0.783219,1.79476,0.0371947,0.0597099,0.195242,4.87189,0.734615,0.316752,3.30859,2.20359,0.0808131,5.03703,5.40883,0,0,0,0,0,0,0,0,0,0,0,0,0,0,0,0,0,0,0,0,0,0,0,0,0,0
1,168,51,51,0.345537,0.000523365,6.07768,4.36144e-05,0.31826,0.101356,0.109705,2.84962,0.0524168,0.0321323,2.01949,2.44293,0.651212,0.245854,4.36855,2.01633,0.104244,2.33606,3.25038,0,0,0,0,0,0,0,0,0,0,0,0,0,0,0,0,0,0,0,0,0,0,0,0,0,0
1,168,52,52,0.303007,0.000619396,0.534145,0.00744287,0.219866,0.0847456,0.0136233,1.90478,0.0408374,0.0209462,2.2027,4.72133,2.20093,0.219683,0.683406,1.96523,0.0867157,6.12073,6.96687,0,0,0,0,0,0,0,0,0,0,0,0,0,0,0,0,0,0,0,0,0,0,0,0,0,0
1,168,53,53,0.260656,0.000832755,0.466362,0.0095602,0.281029,0.0728007,0.061833,1.64546,0.0328135,0.0113443,0.00530553,3.41338,0.173098,0.170322,0.117344,2.20992,0.0739472,1.53796,0.447178,0,0,0,0,0,0,0,0,0,0,0,0,0,0,0,0,0,0,0,0,0,0,0,0,0,0
1,168,54,54,0.409473,0.000120124,1.4445,0.00572994,0.521668,0.0776683,0.473176,1.8731,0.0360063,0.0488207,0.242638,4.38117,2.2272,0.290365,1.3689,2.14097,0.0789865,3.31344,6.96682,0,0,0,0,0,0,0,0,0,0,0,0,0,0,0,0,0,0,0,0,0,0,0,0,0,0
1,168,55,55,0.339108,0.000206756,1.9712,0.000532014,0.327753,0.0763638,0.120671,1.90302,0.0351563,0.02932,0.0310121,3.6695,1.84628,0.245402,2.47123,2.0584,0.0777097,4.49711,6.96685,0,0,0,0,0,0,0,0,0,0,0,0,0,0,0,0,0,0,0,0,0,0,0,0,0,0
1,168,56,56,0.00426712,7.81973e-06,0.0642393,2.39841,0.237363,0.128081,3.96967,2.66477,0.0723722,0.0915351,0.77145,2.37997,0.0145666,0.0466774,0.491377,1.45197,0.133921,1.75134,2.09513,0,0,0,0,0,0,0,0,0,0,0,0,0,0,0,0,0,0,0,0,0,0,0,0,0,0
1,168,57,57,0.466073,0.000252685,1.60348,0.0150279,0.662431,0.0854314,0.805917,2.05519,0.0412897,0.0668281,0.403026,4.78892,1.38737,0.323332,1.95813,2.1587,0.0871578,4.45277,6.9668,0,0,0,0,0,0,0,0,0,0,0,0,0,0,0,0,0,0,0,0,0,0,0,0,0,0
1,168,58,58,0.446974,0.000350082,1.66208,0.0107009,0.591939,0.0722615,0.634313,1.7792,0.0323704,0.05996,1.44933,8.18475,1.56769,0.309415,5.08828,2.13021,0.073167,3.00006,5.88305,0,0,0,0,0,0,0,0,0,0,0,0,0,0,0,0,0,0,0,0,0,0,0,0,0,0
1,168,base,base,0.303599,0.00182408,0.065332,0.00303349,0.177894,0.082853,0.000309686,1.76459,0.0395402,0.0211337,0.00935835,0.582353,0.0456954,0.186383,0.127736,1.87517,0.0847448,0.206583,0.626749,0,0,0,0,0,0,0,0,0,0,0,0,0,0,0,0,0,0,0,0,0,0,0,0,0,0
2,276,0,0,0.399804,0.00013055,0.953294,0.00412565,0.492547,0.0773675,0.411208,1.80856,0.0358069,0.0460048,0.112954,3.13267,1.24928,0.283991,1.16019,2.1305,0.0786836,2.62564,5.45294,0,0,0,0,0,0,0,0,0,0,0,0,0,0,0,0,0,0,0,0,0,0,0,0,0,0
2,276,1,1,0.421145,3.37236e-05,1.88828,0.00743357,0.574984,0.0654997,0.590056,1.65407,0.0279436,0.0514336,0.860222,2.68959,0.31211,0.300247,0.578258,2.18026,0.0659433,1.77788,3.74022,0,0,0,0,0,0,0,0,0,0,0,0,0,0,0,0,0,0,0,0,0,0,0,0,0,0
2,276,2,2,0.476005,3.2406e-05,2.32054,0.0190216,0.745199,0.0954535,1.0177,2.34709,0.0482561,0.0705004,0.61602,0.908647,0.603396,0.336055,0.598083,2.22044,0.097811,1.38826,6.3913,0,0,0,0,0,0,0,0,0,0,0,0,0,0,0,0,0,0,0,0,0,0,0,0,0,0
2,276,3,3,0.369414,0.000270658,1.0528,0.000615902,0.393942,0.0842607,0.224293,1.96632,0.0404959,0.0378505,0.529401,0.0680295,3.41937,0.262734,0.592515,2.07621,0.0860451,0.803273,2.08703,0,0,0,0,0,0,0,0,0,0,0,0,0,0,0,0,0,0,0,0,0,0,0,0,0,0
2,276,4,4,0.504362,0.000165597,0.740804,0.0207677,0.788943,0.0668774,1.13398,1.55639,0.0288348,0.0779073,2.65976,2.33327,0.463356,0.348912,0.677044,2.20587,0.0673113,2.42306,2.73291,0,0,0,0,0,0,0,0,0,0,0,0,0,0,0,0,0,0,0,0,0,0,0,0,0,0
2,276,5,5,0.458293,0.000612786,1.56497,0.0104965,0.593271,0.0714043,0.636941,1.74913,0.0318209,0.0636301,0.10644,0.576331,0.402167,0.312653,0.233878,2.108,0.0721484,1.86364,1.65381,0,0,0,0,0,0,0,0,0,0,0,0,0,0,0,0,0,0,0,0,0,0,0,0,0,0
2,276,6,6,0.388799,6.28194e-05,0.348562,0.00248449,0.475406,0.0749188,0.374264,1.66837,0.0341628,0.0426948,2.42139e-06,2.44893,1.24703,0.278767,1.24039,2.14032,0.0760866,1.85371,2.94568,0,0,0,0,0,0,0,0,0,0,0,0,0,0,0,0,0,0,0,0,0,0,0,0,0,0
2,276,7,7,1.15976,0.0499096,0.112525,0.00369395,2.93398,0.0592692,23.9642,1.5493,0.0358992,3.07263,0.477978,2.76722,1.85369,2.1032,0.0242768,1.38208,0.0969744,0.598113,6.96734,0,0,0,0,0,0,0,0,0,0,0,0,0,0,0,0,0,0,0,0,0,0,0,0,0,0
2,276,8,8,0.375695,0.000126557,0.586711,0.00107553,0.428244,0.0752906,0.283872,1.71522,0.0344187,0.039054,0.00335614,2.32859,1.24539,0.269023,0.913722,2.11055,0.0765052,2.67773,4.82139,0,0,0,0,0,0,0,0,0,0,0,0,0,0,0,0,0,0,0,0,0,0,0,0,0,0
2,276,9,9,0.398207,0.000213733,0.268921,0.00361535,0.4744,0.0729729,0.374944,1.61253,0.0328649,0.0453486,1.01905,2.61561,0.495877,0.281187,0.580295,2.11289,0.0739787,1.9273,3.72175,0,0,0,0,0,0,0,0,0,0,0,0,0,0,0,0,0,0,0,0,0,0,0,0,0,0
2,276,10,10,0.156203,0.000229295,0.536281,0.044931,0.0245596,0.068856,0.323121,1.57835,0.0302828,6.20539e-06,0.147259,0.205058,0.562935,0.0795931,0.0480481,1.82847,0.0700591,4.94556,2.97151,0,0,0,0,0,0,0,0,0,0,0,0,0,0,0,0,0,0,0,0,0,0,0,0,0,0
2,276,11,11,0.484406,0.00178436,1.48456,0.00787638,0.578123,0.0879849,0.597443,2.09705,0.0430722,0.0738169,2.33212,2.69394,0.140582,0.317992,0.269244,2.03446,0.0899387,0.631646,0.0804275,0,0,0,0,0,0,0,0,0,0,0,0,0,0,0,0,0,0,0,0,0,0,0,0,0,0
2,276,12,12,0.353368,0.000334637,0.361084,5.86834e-06,0.348701,0.0803675,0.151935,1.78417,0.0378341,0.0332982,0.34873,3.07164,1.23525,0.252188,0.398007,2.05146,0.0819754,4.73663,6.96685,0,0,0,0,0,0,0,0,0,0,0,0,0,0,0,0,0,0,0,0,0,0,0,0,0,0
2,276,13,13,0.335887,0.000262091,0.270517,0.000967891,0.312961,0.0716599,0.101331,1.58795,0.0320253,0.0283572,5.20237e-05,1.55514,1.03734,0.242391,0.564781,2.04722,0.0727272,1.82821,6.96687,0,0,0,0,0,0,0,0,0,0,0,0,0,0,0,0,0,0,0,0,0,0,0,0,0,0
2,276,14,14,0.255697,0.000152083,3.17486,0.00048762,0.168985,0.0587011,2.92723e-06,1.61988,0.0236703,0.0100474,0.148944,0.0640487,0.172997,0.139177,0.0403565,1.98179,0.0589346,2.10933,1.00708,0,0,0,0,0,0,0,0,0,0,0,0,0,0,0,0,0,0,0,0,0,0,0,0,0,0
2,276,15,15,0.365778,0.000164212,0.960869,0.000352931,0.397327,0.0762979,0.22889,1.78763,0.0350948,0.0363899,0.0416422,2.31498,1.41237,0.2622,0.896213,2.0929,0.0775999,2.54541,4.61231,0,0,0,0,0,0,0,0,0,0,0,0,0,0,0,0,0,0,0,0,0,0,0,0,0,0
2,276,16,16,0.369408,0.0002191,0.359535,0.000577975,0.399137,0.0773628,0.232744,1.72127,0.0358068,0.0374808,0.151295,2.50948,0.772602,0.263419,0.481872,2.08582,0.0787214,1.70593,1.62682,0,0,0,0,0,0,0,0,0,0,0,0,0,0,0,0,0,0,0,0,0,0,0,0,0,0
2,276,17,17,0.0452456,0.000419301,1.06077,1.32009,0.0172304,0.0765296,1.44942,1.81339,0.0355249,0.0278317,1.01826,2.31293,0.490788,0.0840275,0.877056,1.76576,0.0786346,3.82878,0.00786712,0,0,0,0,0,0,0,0,0,0,0,0,0,0,0,0,0,0,0,0,0,0,0,0,0,0
2,276,18,18,0.420149,0.000755039,2.65603,0.00474053,0.479133,0.0677135,0.38632,1.77598,0.0293768,0.051632,1.3597,2.09203,0.31197,0.287788,0.0463618,2.06355,0.0683028,1.13287,6.77736,0,0,0,0,0,0,0,0,0,0,0,0,0,0,0,0,0,0,0,0,0,0,0,0,0,0
2,276,19,19,0.473415,6.66407e-05,0.00198148,0.0180982,0.800808,0.0517932,1.15837,1.08668,0.0193073,0.0662102,0.751672,0.383008,0.556756,0.341878,0.577538,2.29999,0.0511154,0.382021,0.0142876,0,0,0,0,0,0,0,0,0,0,0,0,0,0,0,0,0,0,0,0,0,0,0,0,0,0
2,276,20,20,0.397757,0.000408277,0.648504,0.00332477,0.451861,0.0750719,0.331778,1.719,0.0342617,0.0453922,0.766583,2.84375,0.555886,0.278139,0.771273,2.08216,0.076231,2.99575,6.96685,0,0,0,0,0,0,0,0,0,0,0,0,0,0,0,0,0,0,0,0,0,0,0,0,0,0
2,276,21,21,0.34961,0.000206322,0.178495,5.14209e-05,0.351327,0.0736681,0.154724,1.60847,0.0333373,0.0319745,0.352383,2.41158,0.911221,0.251507,0.886364,2.07,0.0748114,2.13663,2.88152,0,0,0,0,0,0,0,0,0,0,0,0,0,0,0,0,0,0,0,0,0,0,0,0,0,0
2,276,22,22,0.327388,0.000256258,0.346045,0.00215056,0.294388,0.0740804,0.0784807,1.6519,0.0336199,0.0263413,0.03022,1.34853,0.524444,0.237428,1.07937,2.03936,0.0752961,1.59063,1.80962,0,0,0,0,0,0,0,0,0,0,0,0,0,0,0,0,0,0,0,0,0,0,0,0,0,0
2,276,23,23,0.394696,0.000243774,0.893845,0.00302799,0.461125,0.069837,0.348467,1.64097,0.0307882,0.0441374,1.10472,2.39416,0.358476,0.278505,0.636252,2.10471,0.0706269,2.06593,1.73319,0,0,0,0,0,0,0,0,0,0,0,0,0,0,0,0,0,0,0,0,0,0,0,0,0,0
2,276,24,24,0.170397,0.000178776,0.499889,0.238338,0.0383018,0.0868208,0.237867,1.94407,0.0423577,0.000456192,2.95764,3.53212,0.2255,0.149002,0.0616001,1.85686,0.0891474,0.237156,5.74909,0,0,0,0,0,0,0,0,0,0,0,0,0,0,0,0,0,0,0,0,0,0,0,0,0,0
2,276,25,25,0.362614,0.000164065,0.939048,0.000184109,0.389141,0.0763083,0.214845,1.78536,0.035102,0.0355438,0.0267684,1.99302,0.977253,0.26023,0.741834,2.09016,0.0776326,1.66387,4.15808,0,0,0,0,0,0,0,0,0,0,0,0,0,0,0,0,0,0,0,0,0,0,0,0,0,0
2,276,26,26,0.373966,2.42008e-06,0.17378,0.000651861,0.471219,0.0809583,0.360797,1.75586,0.0382471,0.0387899,0.504262,1.90633,3.66831,0.274221,1.06292,2.17766,0.0825392,3.46187,6.47941,0,0,0,0,0,0,0,0,0,0,0,0,0,0,0,0,0,0,0,0,0,0,0,0,0,0
2,276,27,27,0.517249,2.65408e-05,0.0390352,0.0239389,0.869059,0.0479928,1.35389,1.03048,0.0170293,0.0802555,0.00793973,6.48912,0.067999,0.361797,0.387065,2.25954,0.0470115,0.000312033,0.00785877,0,0,0,0,0,0,0,0,0,0,0,0,0,0,0,0,0,0,0,0,0,0,0,0,0,0
2,276,28,28,0.403,0.000151017,0.0832924,0.00423994,0.601735,0.134843,0.431743,2.77969,0.0767563,0.049725,0.6225,0.842002,1.30113,0.298752,3.00787,2.25847,0.138954,0.344381,0.00785983,0,0,0,0,0,0,0,0,0,0,0,0,0,0,0,0,0,0,0,0,0,0,0,0,0,0
2,276,29,29,0.346651,0.000195658,0.420317,0.000146215,0.345621,0.0749379,0.146091,1.68212,0.0341855,0.0312569,0.0843528,2.53472,0.733041,0.249918,1.24753,2.06893,0.0761737,1.7329,1.79796,0,0,0,0,0,0,0,0,0,0,0,0,0,0,0,0,0,0,0,0,0,0,0,0,0,0
2,276,30,30,0.624323,0.000102075,0.0245448,0.0474985,1.3463,0.0717491,2.82074,1.51356,0.0320428,0.119038,0.43397,0.213964,0.944903,0.445292,0.356808,2.40661,0.0723778,0.0720531,0.0652305,0,0,0,0,0,0,0,0,0,0,0,0,0,0,0,0,0,0,0,0,0,0,0,0,0,0
2,276,31,31,0.392387,0.000174248,0.5959,0.00288173,0.46458,0.0736371,0.354632,1.68153,0.0333069,0.0436915,0.183566,2.3594,0.580959,0.27833,0.514994,2.11532,0.0747056,1.587,2.62222,0,0,0,0,0,0,0,0,0,0,0,0,0,0,0,0,0,0,0,0,0,0,0,0,0,0
2,276,32,32,0.328293,0.000700519,2.1594,0.00181716,0.266596,0.0786888,0.050007,1.97288,0.0367162,0.0268026,0.406597,0.819304,0.00162434,0.23362,0.0553057,1.98418,0.0802081,2.48321,6.90834,0,0,0,0,0,0,0,0,0,0,0,0,0,0,0,0,0,0,0,0,0,0,0,0,0,0
2,276,33,33,0.41559,4.00598e-05,0.624058,0.00671898,0.557278,0.075384,0.550176,1.7217,0.0344652,0.0504779,0.0661668,3.05755,0.522631,0.296519,0.570973,2.17192,0.0765348,1.38592,3.32051,0,0,0,0,0,0,0,0,0,0,0,0,0,0,0,0,0,0,0,0,0,0,0,0,0,0
2,276,34,34,0.341314,0.00145008,2.1497,0.0118623,0.554344,0.0542471,0.555084,1.42473,0.02085,0.0278127,0.936987,0.739298,0.751128,0.195827,0.201424,2.35108,0.0538903,1.53472,6.96686,0,0,0,0,0,0,0,0,0,0,0,0,0,0,0,0,0,0,0,0,0,0,0,0,0,0
2,276,35,35,0.4491,1.53895e-06,0.629152,0.0139015,0.693687,0.077411,0.878529,1.76386,0.0358256,0.0606396,1.80271,3.15691,1.2915,0.322501,4.24904,2.239,0.0786247,3.93125,0.0103714,0,0,0,0,0,0,0,0,0,0,0,0,0,0,0,0,0,0,0,0,0,0,0,0,0,0
2,276,36,36,0.351841,0.000339236,0.479997,8.14775e-06,0.343614,0.0754518,0.144235,1.70256,0.0345341,0.0326756,0.0751274,1.9359,1.25564,0.251044,0.158658,2.05036,0.076717,1.9721,6.71709,0,0,0,0,0,0,0,0,0,0,0,0,0,0,0,0,0,0,0,0,0,0,0,0,0,0
2,276,37,37,0.477641,2.56537e-05,0.323804,0.0179527,0.747671,0.0642546,1.02213,1.44107,0.0271843,0.0688539,1.1639,0.968385,2.22885,0.336705,0.844506,2.22913,0.0646091,0.40243,5.51433,0,0,0,0,0,0,0,0,0,0,0,0,0,0,0,0,0,0,0,0,0,0,0,0,0,0
2,276,38,38,0.378125,0.000119419,0.815188,0.00118953,0.435103,0.0692242,0.296397,1.61833,0.0303867,0.0393803,4.87539e-05,2.92188,0.544903,0.27058,0.662884,2.11529,0.0700032,1.85993,1.82749,0,0,0,0,0,0,0,0,0,0,0,0,0,0,0,0,0,0,0,0,0,0,0,0,0,0
2,276,39,39,0.166657,1.61251e-05,0.447742,0.0528436,0.0555296,0.0660919,0.157577,1.50419,0.0284381,0.00019003,1.5105,1.63535,0.233453,0.0948857,0.000810284,1.94592,0.0669854,2.67298,6.67831,0,0,0,0,0,0,0,0,0,0,0,0,0,0,0,0,0,0,0,0,0,0,0,0,0,0
2,276,40,40,2.26782,0.0503184,0.00550551,0.017182,3.23382,0.071851,6.01612,1.50162,0.0319327,0.341138,15.6035,8.22317,0.0200578,1.25024,0.174332,1.11357,0.0724405,0.521749,0.957651,0,0,0,0,0,0,0,0,0,0,0,0,0,0,0,0,0,0,0,0,0,0,0,0,0,0
2,276,41,41,0.062217,0.00179921,1.41833,1.61154,0.937823,0.0558021,9.5096,1.42523,0.022656,0.402557,0.251195,0.275548,0.689096,0.0466502,0.0391742,1.27942,0.0584544,0.248449,4.42366,0,0,0,0,0,0,0,0,0,0,0,0,0,0,0,0,0,0,0,0,0,0,0,0,0,0
2,276,42,42,0.380212,0.000169532,1.16701,0.00145404,0.433334,0.0722815,0.293918,1.72666,0.0324071,0.0401484,0.0379911,2.57819,0.959451,0.270922,0.760718,2.10543,0.0732817,2.11367,4.8541,0,0,0,0,0,0,0,0,0,0,0,0,0,0,0,0,0,0,0,0,0,0,0,0,0,0
2,276,43,43,0.45086,0.000127531,0.629743,0.0131609,0.639327,0.0865414,0.74766,1.95426,0.0420509,0.0620395,0.546705,1.60459,1.00459,0.316341,0.983629,2.17216,0.088395,2.43129,4.78433,0,0,0,0,0,0,0,0,0,0,0,0,0,0,0,0,0,0,0,0,0,0,0,0,0,0
2,276,44,44,0.388833,0.000112773,0.774884,0.00247482,0.465211,0.0733611,0.354857,1.70079,0.0331268,0.0426244,0.057421,2.28058,1.96418,0.277451,0.689113,2.12596,0.0744164,2.08402,4.28708,0,0,0,0,0,0,0,0,0,0,0,0,0,0,0,0,0,0,0,0,0,0,0,0,0,0
2,276,45,45,0.260671,0.264594,0.173596,0.0497456,0.0240079,0.0999509,1.34375,2.153,0.0521771,0.128496,0.65886,0.0200463,3.12784,1.37943,0.0107261,3.56919,0.10424,0.0355613,0.00784947,0,0,0,0,0,0,0,0,0,0,0,0,0,0,0,0,0,0,0,0,0,0,0,0,0,0
2,276,46,46,0.0461333,0.00648719,0.0876048,0.019839,0.00642189,0.060096,0.46689,1.21552,0.0247127,0.0292982,0.713631,1.01981,0.4852,0.0249453,0.0415552,2.0917,0.0608906,0.175807,0.00786729,0,0,0,0,0,0,0,0,0,0,0,0,0,0,0,0,0,0,0,0,0,0,0,0,0,0
2,276,47,47,0.433263,3.66537e-05,0.102314,0.010188,0.665034,0.0791915,0.801345,1.69906,0.0370278,0.0559085,0.291208,2.61625,0.9498,0.314691,0.451141,2.25372,0.0805586,0.497699,6.81105,0,0,0,0,0,0,0,0,0,0,0,0,0,0,0,0,0,0,0,0,0,0,0,0,0,0
2,276,48,48,0.325516,0.00036558,0.585438,0.00245252,0.280962,0.072385,0.0638736,1.6548,0.032489,0.0258142,0.624685,1.54886,0.224834,0.234963,0.0909006,2.02127,0.0734626,1.47425,0.321512,0,0,0,0,0,0,0,0,0,0,0,0,0,0,0,0,0,0,0,0,0,0,0,0,0,0
2,276,49,49,0.365285,0.000358293,0.443266,0.00025352,0.373811,0.0684867,0.191091,1.55017,0.0299034,0.0358949,1.6964,4.19331,0.690837,0.258852,1.03348,2.06082,0.0692189,2.45502,6.37864,0,0,0,0,0,0,0,0,0,0,0,0,0,0,0,0,0,0,0,0,0,0,0,0,0,0
2,276,50,50,0.391307,9.14364e-05,0.0655042,0.00290828,0.476109,0.0754953,0.3766,1.61247,0.0345477,0.0434565,0.036078,2.82373,0.0969938,0.279541,1.6847,2.13349,0.076702,3.25694,1.36594,0,0,0,0,0,0,0,0,0,0,0,0,0,0,0,0,0,0,0,0,0,0,0,0,0,0
2,276,51,51,0.349513,0.000442012,4.31461,5.1808e-06,0.332246,0.0958827,0.128494,2.5599,0.0485518,0.0329804,1.25916,1.46118,0.0938506,0.248881,3.00418,2.03113,0.0984587,0.855801,0.105078,0,0,0,0,0,0,0,0,0,0,0,0,0,0,0,0,0,0,0,0,0,0,0,0,0,0
2,276,52,52,0.196151,0.000471544,0.0760056,0.149723,0.0563459,0.0821598,0.157021,1.65505,0.0391191,0.00232907,3.6325,3.91254,1.05999,0.160589,0.0580223,1.852,0.0841626,4.97644,3.41198,0,0,0,0,0,0,0,0,0,0,0,0,0,0,0,0,0,0,0,0,0,0,0,0,0,0
2,276,53,53,1.72227,0.137506,0.0156624,1.25996,2.69973,0.0314461,22.334,1.41788,0.0291051,4.73117,0.12193,2.25891,0.558259,2.21106,0.0466052,2.0831,0.110801,0.176262,0.00785263,0,0,0,0,0,0,0,0,0,0,0,0,0,0,0,0,0,0,0,0,0,0,0,0,0,0
2,276,54,54,0.35083,0.000245023,0.604533,2.89182e-05,0.350074,0.0731307,0.153117,1.67307,0.032978,0.0322689,0.0503301,2.15288,0.870096,0.251666,0.158932,2.06442,0.0742382,1.56355,4.89633,0,0,0,0,0,0,0,0,0,0,0,0,0,0,0,0,0,0,0,0,0,0,0,0,0,0
2,276,55,55,0.360191,0.000201259,0.948743,8.80854e-05,0.378077,0.0723559,0.196771,1.70262,0.0324664,0.034687,0.0634342,1.47493,0.70224,0.258063,0.389158,2.08096,0.0733959,2.32991,4.41806,0,0,0,0,0,0,0,0,0,0,0,0,0,0,0,0,0,0,0,0,0,0,0,0,0,0
2,276,56,56,0.00820447,1.01328e-09,0.0526508,2.16529,0.185265,0.134868,3.48125,2.68305,0.0773797,0.0767909,0.946385,1.25563,0.0629386,0.0516364,0.0374408,1.49767,0.140755,0.380358,0.164329,0,0,0,0,0,0,0,0,0,0,0,0,0,0,0,0,0,0,0,0,0,0,0,0,0,0
2,276,57,57,0.382567,0.000159754,0.705158,0.00171419,0.440779,0.0739791,0.307942,1.70448,0.0335371,0.0409188,0.120581,1.88493,0.735805,0.272542,0.387728,2.10962,0.0750872,1.69616,2.93036,0,0,0,0,0,0,0,0,0,0,0,0,0,0,0,0,0,0,0,0,0,0,0,0,0,0
2,276,58,58,0.365736,0.00038736,1.19074,0.0002935,0.372895,0.0723814,0.189795,1.73165,0.0324713,0.0362269,1.2718,4.15629,0.678817,0.258862,2.33698,2.05648,0.0734092,1.89553,2.07618,0,0,0,0,0,0,0,0,0,0,0,0,0,0,0,0,0,0,0,0,0,0,0,0,0,0
2,276,base,base,0.0112624,7.88438e-05,0.0275799,0.00330115,0.604255,0.0816307,6.92163,1.67671,0.0391874,0.111535,0.0493009,0.0213391,0.544087,0.216966,0.0561644,1.29952,0.0848492,0.257366,0.00787271,0,0,0,0,0,0,0,0,0,0,0,0,0,0,0,0,0,0,0,0,0,0,0,0,0,0
3,384,0,0,0.396142,7.80695e-05,0.504102,0.00350474,0.492036,0.0763827,0.408919,1.725,0.0351449,0.0448923,0.00047517,1.72164,0.688411,0.282915,0.547059,2.14182,0.077641,1.18587,2.97389,0,0,0,0,0,0,0,0,0,0,0,0,0,0,0,0,0,0,0,0,0,0,0,0,0,0
3,384,1,1,0.409138,0.00010312,0.622979,0.00530242,0.522036,0.0708974,0.473264,1.62724,0.0314817,0.0483499,0.985158,2.04232,0.0162191,0.290283,0.190124,2.1466,0.0717409,0.63764,0.859967,0,0,0,0,0,0,0,0,0,0,0,0,0,0,0,0,0,0,0,0,0,0,0,0,0,0
3,384,2,2,0.458887,1.99939e-05,1.63848,0.0168633,0.74346,0.108084,1.00796,2.53253,0.0572309,0.0656208,0.716912,0.353821,0.838209,0.331217,0.28103,2.26183,0.111153,0.196363,3.51643,0,0,0,0,0,0,0,0,0,0,0,0,0,0,0,0,0,0,0,0,0,0,0,0,0,0
3,384,3,3,0.354256,0.000193197,0.360294,2.16702e-06,0.36463,0.0858573,0.175197,1.89586,0.041597,0.0338229,0.541791,0.266856,3.22205,0.254614,0.120733,2.07604,0.0877708,0.0205207,0.00786307,0,0,0,0,0,0,0,0,0,0,0,0,0,0,0,0,0,0,0,0,0,0,0,0,0,0
3,384,4,4,0.599364,0.000376195,0.263674,0.0302915,1.04361,0.0623808,1.8559,1.38763,0.0259149,0.110479,5.09687,1.12214,0.0894741,0.404374,0.201865,2.2341,0.0624008,1.20703,0.00786197,0,0,0,0,0,0,0,0,0,0,0,0,0,0,0,0,0,0,0,0,0,0,0,0,0,0
3,384,5,5,0.439751,0.000499203,1.03516,0.00857877,0.553832,0.0759117,0.546739,1.78594,0.0348289,0.0581124,0.000857949,0.0166469,0.0988636,0.302657,0.00495272,2.10609,0.0769839,0.402174,0.00785982,0,0,0,0,0,0,0,0,0,0,0,0,0,0,0,0,0,0,0,0,0,0,0,0,0,0
3,384,6,6,0.397546,5.65254e-06,0.00257045,0.00356094,0.520944,0.0758707,0.467095,1.58219,0.0347984,0.0452401,0.46577,1.51051,0.577098,0.286993,0.88293,2.17836,0.077093,0.350545,0.00786457,0,0,0,0,0,0,0,0,0,0,0,0,0,0,0,0,0,0,0,0,0,0,0,0,0,0
3,384,7,7,0.425744,6.39822e-06,0.0120582,0.00857938,0.60246,0.0757964,0.653577,1.55252,0.0347468,0.0535536,0.465121,0.821196,0.764685,0.30491,0.0414522,2.2015,0.0769809,0.169555,1.50089,0,0,0,0,0,0,0,0,0,0,0,0,0,0,0,0,0,0,0,0,0,0,0,0,0,0
3,384,8,8,0.379041,3.9117e-05,0.128621,0.00128856,0.454996,0.0759994,0.332773,1.6432,0.0348922,0.0400154,0.455408,1.20762,0.96683,0.27345,0.419252,2.14086,0.0772636,1.30261,2.34747,0,0,0,0,0,0,0,0,0,0,0,0,0,0,0,0,0,0,0,0,0,0,0,0,0,0
3,384,9,9,0.398959,0.000208769,0.0227164,0.00366467,0.476357,0.0739837,0.378909,1.50959,0.0335368,0.045671,1.09265,1.48191,0.0736087,0.281629,0.0668487,2.11488,0.0750574,0.599803,0.185091,0,0,0,0,0,0,0,0,0,0,0,0,0,0,0,0,0,0,0,0,0,0,0,0,0,0
3,384,10,10,0.311714,0.000827426,0.401127,0.00588338,0.225203,0.0710564,0.0168896,1.60022,0.0316402,0.0224913,0.430803,0.212463,0.183996,0.222823,0.0495947,1.95641,0.0721376,3.27911,1.21057,0,0,0,0,0,0,0,0,0,0,0,0,0,0,0,0,0,0,0,0,0,0,0,0,0,0
3,384,11,11,0.763587,0.0075221,1.36832,0.00715977,1.05877,0.0824788,1.81952,1.96608,0.0392226,0.17801,3.70976,2.11917,0.737637,0.453195,0.00229129,1.97014,0.0839542,0.00743676,0.00786876,0,0,0,0,0,0,0,0,0,0,0,0,0,0,0,0,0,0,0,0,0,0,0,0,0,0
3,384,12,12,0.384362,0.000101059,0.0713708,0.00204924,0.455626,0.0798107,0.335911,1.70269,0.0374537,0.041748,0.495592,1.55474,0.854798,0.274985,0.138617,2.12463,0.0813334,2.37333,6.96684,0,0,0,0,0,0,0,0,0,0,0,0,0,0,0,0,0,0,0,0,0,0,0,0,0,0
3,384,13,13,0.393662,6.05519e-05,0.0857931,0.0030381,0.48851,0.0736231,0.401031,1.58185,0.033305,0.044037,0.259091,0.490595,0.570843,0.28177,0.221072,2.14601,0.074716,0.544984,1.18071,0,0,0,0,0,0,0,0,0,0,0,0,0,0,0,0,0,0,0,0,0,0,0,0,0,0
3,384,14,14,0.0292823,0.002065,2.34132,0.000766283,0.0167563,0.0539453,1.37583,1.44592,0.0209207,0.0448249,0.309528,0.153584,0.0116481,0.0116859,0.0370772,1.84417,0.0544506,1.23108,0.00786607,0,0,0,0,0,0,0,0,0,0,0,0,0,0,0,0,0,0,0,0,0,0,0,0,0,0
3,384,15,15,0.374018,4.46981e-05,0.527932,0.000841219,0.440324,0.0780125,0.304634,1.76324,0.0362481,0.0387219,0.149956,0.837491,1.09964,0.270165,0.399317,2.13365,0.0794225,1.09425,2.04397,0,0,0,0,0,0,0,0,0,0,0,0,0,0,0,0,0,0,0,0,0,0,0,0,0,0
3,384,16,16,0.383291,0.000111471,1.7105e-05,0.00184729,0.450199,0.0801934,0.325478,1.6606,0.0377166,0.0415031,0.00127265,1.66321,0.333103,0.273969,0.134327,2.12131,0.0817157,0.223647,0.00786435,0,0,0,0,0,0,0,0,0,0,0,0,0,0,0,0,0,0,0,0,0,0,0,0,0,0
3,384,17,17,0.371781,0.000133609,0.184044,0.000733371,0.416595,0.0775426,0.262646,1.68829,0.0359356,0.0381234,1.03119,1.25261,0.176637,0.266401,0.534809,2.10545,0.0788703,1.47636,0.00786472,0,0,0,0,0,0,0,0,0,0,0,0,0,0,0,0,0,0,0,0,0,0,0,0,0,0
3,384,18,18,0.439517,0.000588343,2.32332,0.00777065,0.543763,0.0683969,0.523666,1.75994,0.0298216,0.0575433,1.64897,1.04213,0.0139476,0.301319,0.0051159,2.09655,0.0690067,9.95975e-05,1.47702,0,0,0,0,0,0,0,0,0,0,0,0,0,0,0,0,0,0,0,0,0,0,0,0,0,0
3,384,19,19,0.000792841,0.0440444,0.0604028,0.0250869,0.00413416,0.0414774,0.983516,0.846858,0.0136696,0.170043,0.00360451,0.112804,0.193974,0.212654,0.20424,2.46278,0.0413518,0.114032,0.00785993,0,0,0,0,0,0,0,0,0,0,0,0,0,0,0,0,0,0,0,0,0,0,0,0,0,0
3,384,20,20,0.398203,0.000169458,0.335916,0.00365413,0.480661,0.0741351,0.387104,1.64951,0.0336369,0.0454076,0.78313,1.9319,0.260633,0.281996,0.314038,2.1215,0.075224,0.99509,1.44843,0,0,0,0,0,0,0,0,0,0,0,0,0,0,0,0,0,0,0,0,0,0,0,0,0,0
3,384,21,21,0.328394,2.62253e-05,0.109925,0.00041391,0.332816,0.075296,0.127806,1.50805,0.0344326,0.0265534,0.0478512,1.38307,0.66676,0.231086,0.374712,2.09916,0.0765771,0.629191,0.0137103,0,0,0,0,0,0,0,0,0,0,0,0,0,0,0,0,0,0,0,0,0,0,0,0,0,0
3,384,22,22,0.0913119,0.0011819,0.0183588,0.000747025,0.0111006,0.0727779,0.445073,1.5414,0.0329325,0.00709247,0.202344,0.029697,0.164858,0.00906796,0.473394,1.96604,0.0743939,0.289546,0.00786541,0,0,0,0,0,0,0,0,0,0,0,0,0,0,0,0,0,0,0,0,0,0,0,0,0,0
3,384,23,23,0.401494,0.000211162,0.510445,0.00383294,0.482645,0.0671903,0.391413,1.53267,0.0290509,0.0459456,1.43512,1.46875,0.0058602,0.283135,0.164886,2.11709,0.0677778,0.694122,0.00786524,0,0,0,0,0,0,0,0,0,0,0,0,0,0,0,0,0,0,0,0,0,0,0,0,0,0
3,384,24,24,0.331042,0.000643853,0.263598,0.00137,0.27509,0.0866052,0.0585596,1.89196,0.0421134,0.0278969,3.94947,2.4303,0.000982502,0.235602,0.0613175,1.99267,0.0886018,0.27364,0.826202,0,0,0,0,0,0,0,0,0,0,0,0,0,0,0,0,0,0,0,0,0,0,0,0,0,0
3,384,25,25,0.387568,5.53095e-05,0.428076,0.0022707,0.47366,0.076669,0.370432,1.71897,0.0353392,0.0424626,0.471886,0.618497,0.491757,0.278201,0.357229,2.14204,0.0779785,0.280983,0.53354,0,0,0,0,0,0,0,0,0,0,0,0,0,0,0,0,0,0,0,0,0,0,0,0,0,0
3,384,26,26,0.413791,5.80874e-05,1.95952e-05,0.00602252,0.61126,0.0812879,0.667163,1.68199,0.0384622,0.0502065,0.506616,0.58325,2.14858,0.302784,0.807629,2.24612,0.0828412,1.09102,1.08598,0,0,0,0,0,0,0,0,0,0,0,0,0,0,0,0,0,0,0,0,0,0,0,0,0,0
3,384,27,27,0.472007,2.3054e-06,0.0246337,0.0169241,0.746342,0.0543135,1.01657,1.15758,0.0208611,0.0661776,0.308636,3.87576,0.158365,0.334984,0.17543,2.24585,0.0538719,0.154436,0.00786063,0,0,0,0,0,0,0,0,0,0,0,0,0,0,0,0,0,0,0,0,0,0,0,0,0,0
3,384,28,28,0.36763,1.02453e-07,0.0505995,0.000414743,0.448487,0.112416,0.31755,2.33741,0.0603532,0.0385948,0.909112,0.85147,0.312944,0.269554,1.43528,2.15899,0.115738,0.059013,0.00786209,0,0,0,0,0,0,0,0,0,0,0,0,0,0,0,0,0,0,0,0,0,0,0,0,0,0
3,384,29,29,0.362256,0.000103254,0.0506067,0.000142606,0.396728,0.0780352,0.226968,1.65877,0.0362629,0.035562,0.0741702,1.33681,0.23227,0.261143,0.820456,2.10434,0.07946,0.239437,0.00786585,0,0,0,0,0,0,0,0,0,0,0,0,0,0,0,0,0,0,0,0,0,0,0,0,0,0
3,384,30,30,0.544188,0.000178326,0.0192201,0.0349823,1.07926,0.0766015,1.91601,1.56098,0.0352887,0.0914198,0.470497,0.231822,0.490088,0.393523,0.0164889,2.37523,0.0776466,0.23444,0.00785774,0,0,0,0,0,0,0,0,0,0,0,0,0,0,0,0,0,0,0,0,0,0,0,0,0,0
3,384,31,31,0.408886,7.34326e-05,0.110822,0.00537351,0.527797,0.0744379,0.485322,1.6055,0.0338379,0.0485098,0.00131516,1.24617,0.174458,0.290944,0.165933,2.15478,0.0755383,0.15351,0.00786451,0,0,0,0,0,0,0,0,0,0,0,0,0,0,0,0,0,0,0,0,0,0,0,0,0,0
3,384,32,32,0.293843,0.000688185,2.11028,0.0125739,0.197904,0.0793503,0.0039451,1.98305,0.037176,0.0186923,0.133156,0.00882651,0.700982,0.213702,0.0558298,1.9497,0.0809741,1.05935,4.78265,0,0,0,0,0,0,0,0,0,0,0,0,0,0,0,0,0,0,0,0,0,0,0,0,0,0
3,384,33,33,0.422164,1.50048e-05,0.207383,0.00786008,0.586286,0.0753552,0.6159,1.64842,0.0344461,0.0524415,0.0148238,1.83522,0.0962109,0.30193,0.154024,2.1911,0.0764957,0.0631202,0.217228,0,0,0,0,0,0,0,0,0,0,0,0,0,0,0,0,0,0,0,0,0,0,0,0,0,0
3,384,34,34,0.285184,0.0041311,1.95155,0.0176205,0.510494,0.049903,0.473433,1.30782,0.0182276,0.0145214,1.15098,0.0503904,0.25958,0.124114,0.0257482,2.43938,0.0492465,0.236945,0.00786663,0,0,0,0,0,0,0,0,0,0,0,0,0,0,0,0,0,0,0,0,0,0,0,0,0,0
3,384,35,35,0.457395,2.66144e-05,0.313014,0.0159487,0.739321,0.0828863,0.995724,1.82366,0.0395389,0.0635634,2.1986,2.56828,0.629418,0.330272,4.37622,2.26645,0.0844306,2.74128,0.0078606,0,0,0,0,0,0,0,0,0,0,0,0,0,0,0,0,0,0,0,0,0,0,0,0,0,0
3,384,36,36,0.375456,0.000201575,0.0727322,0.00100196,0.41608,0.0768264,0.262626,1.64267,0.0354489,0.0391481,8.84109e-05,0.816698,0.713069,0.267321,0.000336337,2.09509,0.0781522,0.508302,3.42546,0,0,0,0,0,0,0,0,0,0,0,0,0,0,0,0,0,0,0,0,0,0,0,0,0,0
3,384,37,37,0.450711,3.88548e-05,0.117315,0.0125354,0.65836,0.0621399,0.791491,1.3541,0.0258261,0.0602649,1.0853,0.375308,1.182,0.318558,0.332946,2.20292,0.0623702,0.181935,3.0899,0,0,0,0,0,0,0,0,0,0,0,0,0,0,0,0,0,0,0,0,0,0,0,0,0,0
3,384,38,38,0.352851,1.17642e-05,0.5146,0.000764579,0.401349,0.0672154,0.237139,1.53475,0.0290799,0.0322953,0.401749,1.81306,0.127597,0.242396,0.240317,2.13282,0.06788,0.703678,0.00786703,0,0,0,0,0,0,0,0,0,0,0,0,0,0,0,0,0,0,0,0,0,0,0,0,0,0
3,384,39,39,0.32809,0.000227626,0.14948,0.00242284,0.2975,0.0612026,0.0818859,1.34304,0.0252057,0.0258945,2.06558,0.958372,0.011919,0.238041,0.0421515,2.04696,0.0614585,1.38095,3.11224,0,0,0,0,0,0,0,0,0,0,0,0,0,0,0,0,0,0,0,0,0,0,0,0,0,0
3,384,40,40,1.4488,0.0273827,0.101596,0.0193225,2.46171,0.0700407,5.42669,1.39932,0.030767,0.434551,16.6443,7.57252,0.118542,0.808001,0.0485512,1.76606,0.0703586,0.000776526,0.0205648,0,0,0,0,0,0,0,0,0,0,0,0,0,0,0,0,0,0,0,0,0,0,0,0,0,0
3,384,41,41,0.383341,0.000258383,0.392092,0.00153457,0.428527,0.0673089,0.28577,1.51721,0.0291287,0.0408135,0.11522,0.304091,0.413402,0.271104,0.00144199,2.0932,0.0679534,0.135706,0.404918,0,0,0,0,0,0,0,0,0,0,0,0,0,0,0,0,0,0,0,0,0,0,0,0,0,0
3,384,42,42,0.37778,7.19971e-05,0.656178,0.00111238,0.442971,0.0709187,0.310319,1.63333,0.0315059,0.0393827,0.0627139,1.30484,0.441899,0.271521,0.239515,2.12824,0.0718292,0.633545,2.01372,0,0,0,0,0,0,0,0,0,0,0,0,0,0,0,0,0,0,0,0,0,0,0,0,0,0
3,384,43,43,0.462377,1.77289e-05,0.0939545,0.0166223,0.709363,0.0975213,0.923186,2.06401,0.0497074,0.0662935,0.632388,0.0905419,0.720016,0.328014,0.646143,2.21851,0.100012,0.94047,1.36084,0,0,0,0,0,0,0,0,0,0,0,0,0,0,0,0,0,0,0,0,0,0,0,0,0,0
3,384,44,44,0.407368,2.42653e-05,0.27109,0.00514615,0.538673,0.0724263,0.50741,1.60181,0.0325014,0.0478815,0.0523861,0.929534,1.4139,0.291917,0.256627,2.17324,0.0733954,0.763599,1.08787,0,0,0,0,0,0,0,0,0,0,0,0,0,0,0,0,0,0,0,0,0,0,0,0,0,0
3,384,45,45,0.427349,0.00322111,0.201155,0.0379034,0.960713,0.0940403,1.64609,2.02544,0.0472964,0.0533572,0.604997,0.00265357,2.04803,0.252158,0.122738,2.5302,0.0962957,0.0582835,0.00785732,0,0,0,0,0,0,0,0,0,0,0,0,0,0,0,0,0,0,0,0,0,0,0,0,0,0
3,384,46,46,0.356124,9.44701e-06,0.0413735,0.0169467,0.459968,0.0608133,0.37073,1.23655,0.0249304,0.0322594,1.68374,1.4126,0.489064,0.160906,0.00343914,2.17259,0.0609724,0.0675413,0.00786941,0,0,0,0,0,0,0,0,0,0,0,0,0,0,0,0,0,0,0,0,0,0,0,0,0,0
3,384,47,47,0.430035,1.90399e-05,0.0107717,0.00933829,0.646235,0.0741528,0.755387,1.55618,0.0336407,0.0546426,0.31301,1.95495,0.676077,0.31149,0.180435,2.24268,0.0751887,0.0307741,3.63193,0,0,0,0,0,0,0,0,0,0,0,0,0,0,0,0,0,0,0,0,0,0,0,0,0,0
3,384,48,48,0.240394,0.00030543,0.135468,0.0667271,0.123261,0.070073,0.0215421,1.52551,0.0309925,0.00798351,0.683018,0.126036,0.0308033,0.186478,0.0488443,1.93495,0.0711206,0.239024,0.00786661,0,0,0,0,0,0,0,0,0,0,0,0,0,0,0,0,0,0,0,0,0,0,0,0,0,0
3,384,49,49,0.373397,0.000294294,0.147701,0.000716556,0.399583,0.0682087,0.234029,1.4875,0.0297195,0.038105,2.16014,3.17287,0.0721087,0.264539,0.337428,2.07817,0.0689033,1.03178,1.73099,0,0,0,0,0,0,0,0,0,0,0,0,0,0,0,0,0,0,0,0,0,0,0,0,0,0
3,384,50,50,0.39837,2.0294e-05,0.0797395,0.00381145,0.514904,0.0755363,0.455389,1.51949,0.034574,0.0454745,0.200216,1.52054,0.00692208,0.286445,0.98022,2.16744,0.0767415,1.83196,0.00786587,0,0,0,0,0,0,0,0,0,0,0,0,0,0,0,0,0,0,0,0,0,0,0,0,0,0
3,384,51,51,0.383722,0.000252712,3.01184,0.00208559,0.433859,0.0935253,0.2962,2.3797,0.0468931,0.0423024,0.580186,0.889886,0.000127549,0.271987,2.32487,2.09061,0.0959034,0.0431841,0.00786454,0,0,0,0,0,0,0,0,0,0,0,0,0,0,0,0,0,0,0,0,0,0,0,0,0,0
3,384,52,52,0.299011,0.0009088,0.124533,0.00936558,0.197961,0.0849858,0.00410259,1.69576,0.0409853,0.0201167,5.6216,3.97039,0.823518,0.215097,0.0600976,1.93437,0.0869782,4.39698,0.00786999,0,0,0,0,0,0,0,0,0,0,0,0,0,0,0,0,0,0,0,0,0,0,0,0,0,0
3,384,53,53,0.400327,1.0431e-05,0.0884719,0.00360148,0.551098,0.0708639,0.5299,1.52515,0.0314725,0.0456795,0.0739414,1.42506,0.0311387,0.291574,0.0884312,2.21207,0.0717003,0.0369331,0.00786189,0,0,0,0,0,0,0,0,0,0,0,0,0,0,0,0,0,0,0,0,0,0,0,0,0,0
3,384,54,54,0.374082,0.000109307,0.146245,0.000805868,0.425666,0.0721637,0.278664,1.56932,0.0323304,0.0384734,0.0499361,0.958347,0.400987,0.268217,0.00698635,2.1145,0.0731698,0.198837,1.6017,0,0,0,0,0,0,0,0,0,0,0,0,0,0,0,0,0,0,0,0,0,0,0,0,0,0
3,384,55,55,0.383976,0.000128227,0.632814,0.00172473,0.448517,0.0678719,0.322113,1.56574,0.0295069,0.0409567,0.406573,0.206427,0.179236,0.273926,0.00757589,2.11892,0.0685678,1.13755,0.909227,0,0,0,0,0,0,0,0,0,0,0,0,0,0,0,0,0,0,0,0,0,0,0,0,0,0
3,384,56,56,0.0247697,1.10991e-06,0.204484,1.60648,0.0897578,0.136722,2.48199,2.6687,0.0786684,0.0450532,0.960589,0.33455,0.000343193,0.0656153,0.02314,1.58014,0.142281,0.0466148,0.00786286,0,0,0,0,0,0,0,0,0,0,0,0,0,0,0,0,0,0,0,0,0,0,0,0,0,0
3,384,57,57,0.397824,8.68045e-05,0.374503,0.00366229,0.494263,0.0750902,0.413721,1.67649,0.0342773,0.0453221,0.000466808,0.685903,0.282555,0.28365,0.0852461,2.14111,0.076254,0.404952,0.00786456,0,0,0,0,0,0,0,0,0,0,0,0,0,0,0,0,0,0,0,0,0,0,0,0,0,0
3,384,58,58,0.350505,0.000353627,1.08571,2.48091e-05,0.339404,0.0777173,0.138141,1.83335,0.036046,0.0324342,1.4513,2.62722,0.356638,0.2501,1.95902,2.04651,0.0791367,0.633145,0.00786746,0,0,0,0,0,0,0,0,0,0,0,0,0,0,0,0,0,0,0,0,0,0,0,0,0,0
3,384,base,base,0.433328,0.00172759,0.0595645,0.00298355,0.451112,0.0768913,0.32971,1.63941,0.0354582,0.0566853,0.073128,0.408897,0.0264,0.287751,0.12059,2.0004,0.0781982,0.250042,0.25886,0,0,0,0,0,0,0,0,0,0,0,0,0,0,0,0,0,0,0,0,0,0,0,0,0,0
4,492,0,0,0.391858,7.51698e-05,0.44657,0.0028608,0.480702,0.0756266,0.385367,1.70007,0.0346382,0.0436249,0.0546203,1.23825,0.526626,0.280282,0.458113,2.13916,0.0768431,0.859409,2.43457,0,0,0,0,0,0,0,0,0,0,0,0,0,0,0,0,0,0,0,0,0,0,0,0,0,0
4,492,1,1,0.402577,0.000163896,0.515166,0.00416567,0.492943,0.0708002,0.412257,1.60944,0.0314188,0.0464682,1.1197,1.7102,0.00143034,0.284766,0.0955073,2.12689,0.0716456,0.475282,0.534898,0,0,0,0,0,0,0,0,0,0,0,0,0,0,0,0,0,0,0,0,0,0,0,0,0,0
4,492,2,2,0.428413,1.84944e-05,1.14451,0.0100239,0.645561,0.107214,0.754819,2.45178,0.0566089,0.056074,0.710086,0.350413,0.097888,0.310698,0.264858,2.23708,0.110299,0.11954,2.43705,0,0,0,0,0,0,0,0,0,0,0,0,0,0,0,0,0,0,0,0,0,0,0,0,0,0
4,492,3,3,0.339858,0.000161615,0.185832,0.000567696,0.333501,0.0837781,0.128338,1.81694,0.0401746,0.0299431,0.525985,0.259079,2.83861,0.246383,0.0481928,2.06884,0.0855999,0.00733843,0.00786367,0,0,0,0,0,0,0,0,0,0,0,0,0,0,0,0,0,0,0,0,0,0,0,0,0,0
4,492,4,4,0.685341,0.00116712,0.224355,0.0316809,1.21161,0.05834,2.35083,1.29435,0.0233362,0.14209,6.33335,0.491254,0.0419645,0.446998,0.0721689,2.20459,0.058018,1.04716,0.00786273,0,0,0,0,0,0,0,0,0,0,0,0,0,0,0,0,0,0,0,0,0,0,0,0,0,0
4,492,5,5,0.422394,0.000571846,0.975767,0.0059036,0.500414,0.0774079,0.430604,1.81054,0.0358378,0.0529281,0.000862867,0.234975,0.0383057,0.291139,0.000659974,2.0836,0.0786069,0.203296,0.00786034,0,0,0,0,0,0,0,0,0,0,0,0,0,0,0,0,0,0,0,0,0,0,0,0,0,0
4,492,6,6,0.286547,0.000403373,0.0242192,0.00292809,0.330999,0.0741729,0.134299,1.5141,0.0337098,0.0163823,0.453555,1.21069,0.42695,0.15549,0.940241,2.19123,0.0754078,0.150478,0.00786405,0,0,0,0,0,0,0,0,0,0,0,0,0,0,0,0,0,0,0,0,0,0,0,0,0,0
4,492,7,7,0.426637,1.17781e-06,0.107913,0.00865284,0.620597,0.0740064,0.69483,1.48172,0.0335494,0.0536791,0.451755,0.288308,0.922886,0.307394,0.0508882,2.22235,0.0750775,0.0408366,1.09905,0,0,0,0,0,0,0,0,0,0,0,0,0,0,0,0,0,0,0,0,0,0,0,0,0,0
4,492,8,8,0.372198,3.65439e-05,0.0542639,0.000637528,0.437108,0.074511,0.298248,1.58865,0.0338961,0.0380454,0.455749,0.794518,0.86008,0.269232,0.332169,2.13608,0.0756854,1.02749,1.71575,0,0,0,0,0,0,0,0,0,0,0,0,0,0,0,0,0,0,0,0,0,0,0,0,0,0
4,492,9,9,0.385594,0.000307418,0.106156,0.00185345,0.429005,0.0728291,0.287404,1.45892,0.0327707,0.0418212,1.25797,0.950111,0.000745674,0.271778,0.00230481,2.087,0.0738395,0.492165,0.00786542,0,0,0,0,0,0,0,0,0,0,0,0,0,0,0,0,0,0,0,0,0,0,0,0,0,0
4,492,10,10,0.308919,0.000843255,0.445317,0.00686406,0.218904,0.0710523,0.0132174,1.60742,0.031638,0.0218408,0.430778,0.212451,0.0801663,0.221082,0.0495921,1.95215,0.0721376,2.64533,0.992776,0,0,0,0,0,0,0,0,0,0,0,0,0,0,0,0,0,0,0,0,0,0,0,0,0,0
4,492,11,11,0.559775,0.00317747,1.26507,0.00707942,0.695819,0.0749447,0.866206,1.79432,0.0341697,0.0992913,3.95606,1.65638,0.647034,0.353248,0.0282652,2.01523,0.0760084,3.99039e-05,0.00786793,0,0,0,0,0,0,0,0,0,0,0,0,0,0,0,0,0,0,0,0,0,0,0,0,0,0
4,492,12,12,0.384904,6.40189e-05,0.032446,0.00202514,0.464401,0.0782943,0.352276,1.65528,0.0364301,0.041812,0.484129,0.856436,0.717442,0.276272,0.0978462,2.13652,0.0797159,1.46632,6.64812,0,0,0,0,0,0,0,0,0,0,0,0,0,0,0,0,0,0,0,0,0,0,0,0,0,0
4,492,13,13,0.389303,5.14117e-05,0.0319479,0.00237435,0.478471,0.0710721,0.380011,1.50858,0.0316118,0.042646,0.430159,0.12114,0.515027,0.279278,0.131449,2.1459,0.0719943,0.353701,0.44188,0,0,0,0,0,0,0,0,0,0,0,0,0,0,0,0,0,0,0,0,0,0,0,0,0,0
4,492,14,14,0.0884863,0.00163543,1.66736,0.00284927,0.0151195,0.0537581,0.378461,1.37733,0.0207091,0.00858222,0.307063,0.152392,0.039349,0.00210082,0.0368188,1.9927,0.0539247,0.951537,0.00786561,0,0,0,0,0,0,0,0,0,0,0,0,0,0,0,0,0,0,0,0,0,0,0,0,0,0
4,492,15,15,0.365739,5.04199e-05,0.502905,0.00026164,0.416801,0.077064,0.261146,1.73973,0.0356104,0.0364089,0.431627,0.389356,0.992015,0.264793,0.31899,2.124,0.0784253,0.829054,1.48587,0,0,0,0,0,0,0,0,0,0,0,0,0,0,0,0,0,0,0,0,0,0,0,0,0,0
4,492,16,16,0.369472,0.000140932,0.0817308,0.000563408,0.409046,0.080991,0.249298,1.6269,0.0382603,0.0377186,0.062607,1.47388,0.224147,0.264752,0.0388539,2.10187,0.0825849,0.0354685,0.00786436,0,0,0,0,0,0,0,0,0,0,0,0,0,0,0,0,0,0,0,0,0,0,0,0,0,0
4,492,17,17,0.365113,0.000139588,0.0409943,0.000284476,0.398259,0.0766077,0.230214,1.62452,0.035308,0.0362624,1.07437,0.754246,0.119693,0.262124,0.426319,2.09821,0.0778684,1.19257,0.00786451,0,0,0,0,0,0,0,0,0,0,0,0,0,0,0,0,0,0,0,0,0,0,0,0,0,0
4,492,18,18,0.444791,0.000857184,2.96484,0.00699848,0.534346,0.0653824,0.502257,1.75065,0.0278536,0.0590659,2.01684,0.632776,0.156717,0.301568,0.0452068,2.07461,0.0657674,0.0921301,0.639685,0,0,0,0,0,0,0,0,0,0,0,0,0,0,0,0,0,0,0,0,0,0,0,0,0,0
4,492,19,19,0.0214375,0.0330312,0.0607892,0.0273044,0.0490182,0.0420177,0.133361,0.852184,0.0138188,0.0582737,0.00728299,0.113649,0.147752,0.0555288,0.270808,2.57359,0.0413815,0.114874,0.00785984,0,0,0,0,0,0,0,0,0,0,0,0,0,0,0,0,0,0,0,0,0,0,0,0,0,0
4,492,20,20,0.392675,0.000208605,0.297342,0.00280908,0.459976,0.0725168,0.345883,1.60878,0.0325598,0.0437424,0.905193,1.61894,0.173614,0.277797,0.211179,2.10932,0.0735005,0.799987,0.832163,0,0,0,0,0,0,0,0,0,0,0,0,0,0,0,0,0,0,0,0,0,0,0,0,0,0
4,492,21,21,0.010862,0.00423743,0.107553,0.00396342,0.0501466,0.0731531,1.94181,1.47707,0.0333841,0.0741585,0.00232046,0.966626,0.704393,0.0226412,0.29853,1.85347,0.0753791,0.477817,0.00786487,0,0,0,0,0,0,0,0,0,0,0,0,0,0,0,0,0,0,0,0,0,0,0,0,0,0
4,492,22,22,0.0175525,0.00307093,0.000836305,0.00065506,0.0356751,0.0694583,1.72118,1.4504,0.0308972,0.0603727,0.274425,0.0823067,0.113074,0.0164563,0.337322,1.84229,0.07131,0.119402,0.007865,0,0,0,0,0,0,0,0,0,0,0,0,0,0,0,0,0,0,0,0,0,0,0,0,0,0
4,492,23,23,0.394854,0.000273056,0.550557,0.00272554,0.456491,0.0629021,0.339284,1.44743,0.0262764,0.0437866,1.66832,1.04826,0.01278,0.277914,0.0477208,2.10131,0.0631825,0.507368,0.00786581,0,0,0,0,0,0,0,0,0,0,0,0,0,0,0,0,0,0,0,0,0,0,0,0,0,0
4,492,24,24,0.321564,0.000817985,0.258466,0.00304958,0.245894,0.0865962,0.031723,1.89075,0.0421098,0.0255509,4.81947,2.04084,0.0444937,0.228672,0.061314,1.96622,0.0886032,0.273622,0.19521,0,0,0,0,0,0,0,0,0,0,0,0,0,0,0,0,0,0,0,0,0,0,0,0,0,0
4,492,25,25,0.380867,5.17392e-05,0.415129,0.00143514,0.456123,0.0749845,0.335302,1.68197,0.0342109,0.0404826,0.459295,0.199702,0.405284,0.274088,0.279976,2.13768,0.076194,0.0848894,0.169744,0,0,0,0,0,0,0,0,0,0,0,0,0,0,0,0,0,0,0,0,0,0,0,0,0,0
4,492,26,26,0.228628,0.00299776,0.023567,0.00753972,0.307966,0.0800612,0.108982,1.63221,0.0377248,0.00584166,0.498246,0.109482,2.08136,0.0872342,0.81442,2.31156,0.0817705,0.5795,0.348284,0,0,0,0,0,0,0,0,0,0,0,0,0,0,0,0,0,0,0,0,0,0,0,0,0,0
4,492,27,27,0.450367,5.21715e-06,0.0440732,0.0126933,0.675621,0.0570292,0.832942,1.2232,0.0225496,0.0596814,0.327899,2.48196,0.187218,0.320564,0.152598,2.22478,0.0568216,0.0831288,0.0078618,0,0,0,0,0,0,0,0,0,0,0,0,0,0,0,0,0,0,0,0,0,0,0,0,0,0
4,492,28,28,0.346657,2.8115e-05,0.0488004,0.000141673,0.375903,0.107669,0.190608,2.24481,0.0569434,0.0327106,1.14554,0.672838,0.131944,0.254138,1.13554,2.11267,0.110802,0.0142538,0.0078629,0,0,0,0,0,0,0,0,0,0,0,0,0,0,0,0,0,0,0,0,0,0,0,0,0,0
4,492,29,29,0.344032,0.000119188,0.0105582,0.000330121,0.348795,0.0784413,0.150006,1.64436,0.0365417,0.0307676,0.450826,0.93292,0.0880149,0.24964,0.837654,2.083,0.0799257,0.0474081,0.0078663,0,0,0,0,0,0,0,0,0,0,0,0,0,0,0,0,0,0,0,0,0,0,0,0,0,0
4,492,30,30,0.50791,0.000102853,0.0146049,0.0270734,0.932637,0.079223,1.53501,1.61684,0.0370583,0.0795654,0.49044,0.241598,0.349959,0.36679,0.00492643,2.33252,0.0804984,0.0907192,0.00785882,0,0,0,0,0,0,0,0,0,0,0,0,0,0,0,0,0,0,0,0,0,0,0,0,0,0
4,492,31,31,0.403043,8.03971e-05,0.0516086,0.00435769,0.509413,0.0726662,0.445591,1.54928,0.0326584,0.0467067,0.0792392,0.839096,0.0826527,0.287001,0.0670608,2.148,0.0736544,0.0143802,0.00786477,0,0,0,0,0,0,0,0,0,0,0,0,0,0,0,0,0,0,0,0,0,0,0,0,0,0
4,492,32,32,0.262371,0.000741717,2.27219,0.036023,0.14005,0.076926,0.00892659,1.94718,0.0355523,0.0120851,0.101925,0.0758724,0.672054,0.195435,0.0540098,1.90925,0.0784379,0.741414,4.34675,0,0,0,0,0,0,0,0,0,0,0,0,0,0,0,0,0,0,0,0,0,0,0,0,0,0
4,492,33,33,0.416886,1.86276e-05,0.17526,0.00679134,0.568527,0.0735897,0.574717,1.60478,0.0332671,0.0507676,0.209865,1.50156,0.0285435,0.298266,0.0493937,2.18465,0.0746191,0.00792277,0.0247778,0,0,0,0,0,0,0,0,0,0,0,0,0,0,0,0,0,0,0,0,0,0,0,0,0,0
4,492,34,34,0.0111845,0.0396606,2.69719,0.0241517,0.0330153,0.0403313,0.207795,1.15071,0.0128964,0.079004,1.41745,0.108361,0.211675,0.0809811,0.00944464,2.61397,0.0396722,0.121945,0.0237812,0,0,0,0,0,0,0,0,0,0,0,0,0,0,0,0,0,0,0,0,0,0,0,0,0,0
4,492,35,35,0.449652,3.51806e-06,0.300767,0.0141042,0.698443,0.0834972,0.890595,1.83375,0.0399566,0.0612437,2.3343,2.18852,0.370608,0.323227,3.99097,2.24258,0.085088,2.15006,0.00786082,0,0,0,0,0,0,0,0,0,0,0,0,0,0,0,0,0,0,0,0,0,0,0,0,0,0
4,492,36,36,0.369415,0.000220103,0.0209481,0.000520989,0.398176,0.0763171,0.231049,1.60882,0.035108,0.0374673,0.0246394,0.408225,0.587923,0.263273,0.052118,2.08637,0.0776171,0.245939,2.91616,0,0,0,0,0,0,0,0,0,0,0,0,0,0,0,0,0,0,0,0,0,0,0,0,0,0
4,492,37,37,0.435532,8.75407e-05,0.174446,0.00928629,0.598373,0.0592316,0.64622,1.30713,0.023978,0.0554473,1.13565,0.111938,0.80372,0.307027,0.299396,2.17443,0.0592675,0.171717,2.95378,0,0,0,0,0,0,0,0,0,0,0,0,0,0,0,0,0,0,0,0,0,0,0,0,0,0
4,492,38,38,0.109705,0.00201228,0.609371,0.000409124,0.0403109,0.0617942,0.204324,1.43709,0.0257236,0.00354663,0.363872,1.59198,0.0422551,0.0129863,0.113757,2.06289,0.0624731,0.632885,0.00786626,0,0,0,0,0,0,0,0,0,0,0,0,0,0,0,0,0,0,0,0,0,0,0,0,0,0
4,492,39,39,0.318639,0.000219002,0.094551,0.00323659,0.277852,0.0555486,0.060421,1.21038,0.0216505,0.0233093,2.37914,0.588132,0.121662,0.227772,0.0379529,2.03972,0.0553784,1.1467,2.45214,0,0,0,0,0,0,0,0,0,0,0,0,0,0,0,0,0,0,0,0,0,0,0,0,0,0
4,492,40,40,1.07985,0.0140737,0.0292716,0.0157848,1.74536,0.0666244,3.93892,1.3539,0.0285664,0.301826,16.2607,6.66686,0.1941,0.620237,0.0460107,1.92236,0.0667481,0.0746132,0.0517549,0,0,0,0,0,0,0,0,0,0,0,0,0,0,0,0,0,0,0,0,0,0,0,0,0,0
4,492,41,41,0.349472,0.000461463,0.342212,0.000162731,0.326092,0.0613168,0.119628,1.38295,0.0252665,0.0313626,0.358946,0.00678616,0.331761,0.247902,0.0422268,2.0341,0.0615704,0.0013351,0.00786977,0,0,0,0,0,0,0,0,0,0,0,0,0,0,0,0,0,0,0,0,0,0,0,0,0,0
4,492,42,42,0.359919,5.59529e-05,0.730813,0.000376845,0.401932,0.0675164,0.236731,1.57148,0.0292754,0.0342769,0.285851,0.82899,0.314282,0.254231,0.156081,2.11768,0.0682084,0.372703,1.55348,0,0,0,0,0,0,0,0,0,0,0,0,0,0,0,0,0,0,0,0,0,0,0,0,0,0
4,492,43,43,0.45409,5.06119e-06,0.0162435,0.0151057,0.693013,0.102836,0.601559,2.13078,0.0534732,0.0639866,0.674698,0.245726,0.783809,0.323776,0.602903,2.22371,0.105636,0.615719,0.804564,0,0,0,0,0,0,0,0,0,0,0,0,0,0,0,0,0,0,0,0,0,0,0,0,0,0
4,492,44,44,0.404479,1.80824e-05,0.188911,0.00455857,0.532666,0.0695186,0.493613,1.52428,0.03058,0.0468574,0.259915,0.498169,1.41687,0.290361,0.13882,2.17489,0.0702882,0.52321,0.557103,0,0,0,0,0,0,0,0,0,0,0,0,0,0,0,0,0,0,0,0,0,0,0,0,0,0
4,492,45,45,0.317675,0.00643843,0.1503,0.0347769,0.713198,0.0931366,0.977334,1.99531,0.0467146,0.0229886,0.598469,0.173205,1.87289,0.134212,0.0825276,2.56144,0.0954761,0.00981319,0.0078571,0,0,0,0,0,0,0,0,0,0,0,0,0,0,0,0,0,0,0,0,0,0,0,0,0,0
4,492,46,46,0.340323,1.56951e-08,0.0362348,0.0137793,0.405963,0.0604218,0.266514,1.23079,0.0246843,0.0282407,1.92493,1.3166,0.485017,0.15376,0.0103065,2.14125,0.0605734,0.0443414,0.00786994,0,0,0,0,0,0,0,0,0,0,0,0,0,0,0,0,0,0,0,0,0,0,0,0,0,0
4,492,47,47,0.424529,7.0304e-06,0.0037141,0.00811015,0.621045,0.0702248,0.694562,1.46915,0.0310355,0.0527525,0.303552,1.58596,0.584,0.306879,0.108681,2.22936,0.0709954,0.00782531,2.75358,0,0,0,0,0,0,0,0,0,0,0,0,0,0,0,0,0,0,0,0,0,0,0,0,0,0
4,492,48,48,0.0363773,0.00016838,0.0165739,1.46119,0.0391823,0.0661466,1.82398,1.40786,0.0286319,0.0356852,0.902366,0.0677487,0.202488,0.0762631,0.046144,1.70052,0.0675625,0.0525684,0.00786619,0,0,0,0,0,0,0,0,0,0,0,0,0,0,0,0,0,0,0,0,0,0,0,0,0,0
4,492,49,49,0.361713,0.00040514,0.116178,7.00732e-05,0.360017,0.0645623,0.169293,1.40379,0.0273482,0.0347526,2.85222,3.03468,0.00120041,0.255966,0.210712,2.05212,0.0650033,0.922067,1.05134,0,0,0,0,0,0,0,0,0,0,0,0,0,0,0,0,0,0,0,0,0,0,0,0,0,0
4,492,50,50,0.394536,1.88609e-05,0.107918,0.00316455,0.504402,0.074,0.432755,1.48191,0.0335477,0.0442874,0.451795,0.939521,0.00302785,0.284052,0.7254,2.1653,0.0751068,1.41574,0.0078684,0,0,0,0,0,0,0,0,0,0,0,0,0,0,0,0,0,0,0,0,0,0,0,0,0,0
4,492,51,51,0.389108,0.000222571,2.64282,0.00271021,0.451303,0.091517,0.329285,2.29876,0.0454912,0.0437415,0.339478,0.654481,0.00478792,0.275743,2.10504,2.10093,0.0937668,5.41678e-05,0.00786436,0,0,0,0,0,0,0,0,0,0,0,0,0,0,0,0,0,0,0,0,0,0,0,0,0,0
4,492,52,52,0.30588,0.000944966,0.122667,0.00697858,0.20936,0.0837563,0.00855387,1.67199,0.0401398,0.0216654,6.01327,3.89431,0.872556,0.218771,0.0591555,1.93872,0.0856559,4.12224,0.00786999,0,0,0,0,0,0,0,0,0,0,0,0,0,0,0,0,0,0,0,0,0,0,0,0,0,0
4,492,53,53,0.386754,3.04767e-05,0.0215713,0.00145398,0.519973,0.0673691,0.459453,1.42628,0.0291811,0.0416024,0.0137835,0.963903,0.00519195,0.28393,2.419e-06,2.21338,0.0679706,0.0956544,0.00786151,0,0,0,0,0,0,0,0,0,0,0,0,0,0,0,0,0,0,0,0,0,0,0,0,0,0
4,492,54,54,0.362254,0.000128552,0.0891378,9.82203e-05,0.391677,0.0689841,0.218548,1.48805,0.0302339,0.0350907,0.28912,0.534346,0.302228,0.260441,0.0479655,2.09937,0.0697839,0.0279132,1.13311,0,0,0,0,0,0,0,0,0,0,0,0,0,0,0,0,0,0,0,0,0,0,0,0,0,0
4,492,55,55,0.226207,0.000352653,0.741396,0.00211871,0.194483,0.0608323,0.00552284,1.43132,0.0250333,0.00524942,0.35614,0.00974508,0.050663,0.0934755,0.0419404,2.11142,0.0611967,1.08747,0.366545,0,0,0,0,0,0,0,0,0,0,0,0,0,0,0,0,0,0,0,0,0,0,0,0,0,0
4,492,56,56,0.188088,0.000409632,0.189413,0.164785,0.0496084,0.127415,0.183577,2.49087,0.0714309,0.00205194,0.877738,0.12329,0.0506811,0.156771,0.00742248,1.84465,0.131731,0.0137081,0.0182502,0,0,0,0,0,0,0,0,0,0,0,0,0,0,0,0,0,0,0,0,0,0,0,0,0,0
4,492,57,57,0.387424,0.000120816,0.426629,0.00219475,0.459224,0.0733316,0.343051,1.64902,0.0331055,0.0422643,0.110206,0.267442,0.18852,0.276271,0.000881757,2.1233,0.0743911,0.237422,0.00786591,0,0,0,0,0,0,0,0,0,0,0,0,0,0,0,0,0,0,0,0,0,0,0,0,0,0
4,492,58,58,0.321975,0.000480652,1.51735,0.00294434,0.265868,0.0796406,0.0488091,1.9252,0.0373551,0.0252749,1.7564,2.0582,0.281758,0.231793,2.17316,2.00159,0.0812374,0.462179,0.00786833,0,0,0,0,0,0,0,0,0,0,0,0,0,0,0,0,0,0,0,0,0,0,0,0,0,0
4,492,base,base,0.440922,0.00240523,0.0270152,0.00151156,0.436324,0.0752562,0.299393,1.5915,0.0343539,0.0591595,0.000459338,0.0897298,0.00136287,0.287909,0.0445678,1.96822,0.0764624,0.106657,0.0285765,0,0,0,0,0,0,0,0,0,0,0,0,0,0,0,0,0,0,0,0,0,0,0,0,0,0
5,600,0,0,0.382358,6.6571e-05,0.38638,0.00161013,0.456489,0.0732047,0.336461,1.6397,0.0330215,0.0407983,0.170507,0.825409,0.384494,0.27454,0.400883,2.13389,0.0742709,0.556406,1.96144,0,0,0,0,0,0,0,0,0,0,0,0,0,0,0,0,0,0,0,0,0,0,0,0,0,0
5,600,1,1,0.389234,0.000231706,0.381664,0.00225604,0.447402,0.0691174,0.321395,1.55294,0.0303124,0.0425692,1.27562,1.29507,0.0681619,0.275204,0.0254701,2.10267,0.0698614,0.323568,0.299594,0,0,0,0,0,0,0,0,0,0,0,0,0,0,0,0,0,0,0,0,0,0,0,0,0,0
5,600,2,2,0.283604,0.0436414,0.715471,0.00947059,1.04213,0.105482,10.0108,2.43973,0.0584881,0.915253,0.730909,0.360833,0.00155447,0.936487,0.228619,1.72628,0.116793,0.00756109,1.52437,0,0,0,0,0,0,0,0,0,0,0,0,0,0,0,0,0,0,0,0,0,0,0,0,0,0
5,600,3,3,0.188951,0.000292822,0.0246569,0.00220706,0.113725,0.0796689,0.0271466,1.68177,0.0374644,0.00153198,0.495716,0.244211,2.42904,0.0829088,0.00321341,2.04918,0.0814838,0.0189579,0.00786338,0,0,0,0,0,0,0,0,0,0,0,0,0,0,0,0,0,0,0,0,0,0,0,0,0,0
5,600,4,4,0.658721,0.000844298,0.153282,0.0312257,1.16238,0.0524662,2.2038,1.15529,0.0197018,0.131281,7.56678,0.00596287,0.0313374,0.43409,0.00493085,2.21829,0.0517121,0.832076,0.00786346,0,0,0,0,0,0,0,0,0,0,0,0,0,0,0,0,0,0,0,0,0,0,0,0,0,0
5,600,5,5,0.391281,0.000578277,0.797034,0.00213444,0.419791,0.0778967,0.271773,1.79815,0.036172,0.0437762,5.7817e-05,0.236868,0.0174435,0.272128,0.00367286,2.05651,0.0791824,0.0573124,0.00786154,0,0,0,0,0,0,0,0,0,0,0,0,0,0,0,0,0,0,0,0,0,0,0,0,0,0
5,600,6,6,0.0696532,0.0237212,0.102808,0.00471913,0.47968,0.0689272,5.84603,1.41483,0.0313056,0.423125,0.42642,1.0068,0.263702,0.427857,1.21905,1.79657,0.0729208,0.0018551,0.00786055,0,0,0,0,0,0,0,0,0,0,0,0,0,0,0,0,0,0,0,0,0,0,0,0,0,0
5,600,7,7,0.175768,0.0429115,0.103322,0.013402,0.688484,0.0684056,7.38102,1.42124,0.0315412,0.681887,0.428922,0.00284154,1.21756,0.750784,0.049417,1.86333,0.0740579,0.213635,0.751267,0,0,0,0,0,0,0,0,0,0,0,0,0,0,0,0,0,0,0,0,0,0,0,0,0,0
5,600,8,8,0.110156,0.00257669,0.00142051,0.000637518,0.0480292,0.0712286,0.169039,1.49141,0.0318834,0.0033102,0.433084,0.392818,0.820536,0.0128995,0.252286,2.09516,0.0726358,0.733945,1.14813,0,0,0,0,0,0,0,0,0,0,0,0,0,0,0,0,0,0,0,0,0,0,0,0,0,0
5,600,9,9,0.361774,0.000398082,0.103743,9.4825e-05,0.36081,0.0712083,0.170652,1.42768,0.031702,0.0351727,1.33973,0.296888,0.051895,0.25609,0.0496304,2.05277,0.0721374,0.44332,0.00821277,0,0,0,0,0,0,0,0,0,0,0,0,0,0,0,0,0,0,0,0,0,0,0,0,0,0
5,600,10,10,0.200625,0.00013574,0.490121,0.00899673,0.0800033,0.0694509,0.0826153,1.5825,0.0306394,0.00253339,0.419543,0.206972,0.0153065,0.10173,0.0484497,1.91361,0.0705855,1.81913,0.783869,0,0,0,0,0,0,0,0,0,0,0,0,0,0,0,0,0,0,0,0,0,0,0,0,0,0
5,600,11,11,1.54774,0.0391206,1.34582,0.0029019,2.38081,0.064715,5.89296,1.5814,0.027294,0.463219,4.94703,1.20131,0.530169,0.835415,0.0446481,1.62795,0.0649376,0.00386391,0.0078796,0,0,0,0,0,0,0,0,0,0,0,0,0,0,0,0,0,0,0,0,0,0,0,0,0,0
5,600,12,12,0.178387,0.00133819,4.65997e-05,0.00206237,0.141409,0.0755931,0.00443335,1.57231,0.0347297,0.000685732,0.464989,0.278175,0.57935,0.0540396,0.0592752,2.13856,0.0771323,0.60948,3.91288,0,0,0,0,0,0,0,0,0,0,0,0,0,0,0,0,0,0,0,0,0,0,0,0,0,0
5,600,13,13,0.109505,0.00294593,0.000670302,0.00276572,0.0532581,0.0656627,0.144734,1.36785,0.0282359,0.00355469,0.39213,0.0270042,0.465378,0.00966583,0.0444865,2.11346,0.0666565,0.186667,0.028534,0,0,0,0,0,0,0,0,0,0,0,0,0,0,0,0,0,0,0,0,0,0,0,0,0,0
5,600,14,14,1.41511e-05,0.00768243,1.19979,0.00616891,0.120266,0.0489422,2.69446,1.23122,0.0179979,0.117996,0.275873,0.137339,0.0441889,0.12111,0.0335242,1.82874,0.0494045,0.75977,0.00786405,0,0,0,0,0,0,0,0,0,0,0,0,0,0,0,0,0,0,0,0,0,0,0,0,0,0
5,600,15,15,0.255198,0.000179899,0.46828,4.11611e-05,0.234842,0.0741577,0.0261231,1.67504,0.0337134,0.0103234,0.453685,0.0958167,0.899086,0.136667,0.242034,2.11798,0.0754607,0.557069,0.962401,0,0,0,0,0,0,0,0,0,0,0,0,0,0,0,0,0,0,0,0,0,0,0,0,0,0
5,600,16,16,0.350476,0.00017926,0.118089,3.34201e-05,0.356218,0.0807415,0.161995,1.61291,0.0380926,0.0325987,0.242216,1.32084,0.134027,0.252408,4.87619e-05,2.0761,0.0823437,0.0206398,0.00786449,0,0,0,0,0,0,0,0,0,0,0,0,0,0,0,0,0,0,0,0,0,0,0,0,0,0
5,600,17,17,0.351816,0.00012225,0.0426342,2.70024e-05,0.367034,0.0748019,0.178098,1.51651,0.0340997,0.0326206,1.04449,0.207599,0.0571483,0.25426,0.301019,2.09022,0.0759366,0.874351,0.00786422,0,0,0,0,0,0,0,0,0,0,0,0,0,0,0,0,0,0,0,0,0,0,0,0,0,0
5,600,18,18,0.446738,0.00115509,3.78681,0.00563918,0.517142,0.0606228,0.463876,1.71107,0.0247953,0.0594158,2.3912,0.252213,0.378459,0.299917,0.0416509,2.05198,0.0606543,0.176257,0.0943418,0,0,0,0,0,0,0,0,0,0,0,0,0,0,0,0,0,0,0,0,0,0,0,0,0,0
5,600,19,19,0.0856369,0.118776,0.0485851,0.0378026,0.0455804,0.0337352,1.69724,0.682386,0.00929929,0.0755292,0.137842,0.0874086,0.050428,0.719227,0.410319,2.84944,0.0324331,0.0888054,0.00785687,0,0,0,0,0,0,0,0,0,0,0,0,0,0,0,0,0,0,0,0,0,0,0,0,0,0
5,600,20,20,0.381646,0.000237858,0.256211,0.00144493,0.426906,0.0690809,0.282662,1.5295,0.0302915,0.0404322,1.07985,1.25171,0.0868692,0.270434,0.113934,2.09484,0.0698364,0.61642,0.395529,0,0,0,0,0,0,0,0,0,0,0,0,0,0,0,0,0,0,0,0,0,0,0,0,0,0
5,600,21,21,0.0428719,0.00337958,0.106188,0.00163631,0.00090576,0.0724255,0.931026,1.45935,0.0327822,0.0302257,0.00464101,0.798696,0.744472,0.000775618,0.232709,1.96177,0.0742454,0.256029,0.00786487,0,0,0,0,0,0,0,0,0,0,0,0,0,0,0,0,0,0,0,0,0,0,0,0,0,0
5,600,22,22,0.159308,0.000514763,0.0252871,8.47777e-07,0.0788553,0.066962,0.0791348,1.37173,0.0290248,1.99705e-05,0.137553,0.198009,0.0863928,0.0473717,0.14024,2.03406,0.0679297,0.0334561,0.00786571,0,0,0,0,0,0,0,0,0,0,0,0,0,0,0,0,0,0,0,0,0,0,0,0,0,0
5,600,23,23,0.38427,0.000296301,0.572776,0.00137413,0.425476,0.0560956,0.280085,1.30424,0.0219735,0.040363,1.91393,0.564898,0.0872376,0.270931,0.000554049,2.08932,0.0558729,0.31973,0.00786681,0,0,0,0,0,0,0,0,0,0,0,0,0,0,0,0,0,0,0,0,0,0,0,0,0,0
5,600,24,24,0.307264,0.00105056,0.236079,0.00716673,0.207441,0.0871419,0.00772096,1.89706,0.0424911,0.0221474,5.96345,1.47736,0.143188,0.218835,0.0617377,1.93155,0.0892025,0.275815,0.00786399,0,0,0,0,0,0,0,0,0,0,0,0,0,0,0,0,0,0,0,0,0,0,0,0,0,0
5,600,25,25,0.0473206,0.00480583,0.371756,0.00165895,0.00105991,0.070995,0.66464,1.59929,0.0318324,0.0272595,0.432499,0.000863417,0.352908,0.0024415,0.206215,2.03565,0.072687,2.37267e-05,0.0152855,0,0,0,0,0,0,0,0,0,0,0,0,0,0,0,0,0,0,0,0,0,0,0,0,0,0
5,600,26,26,0.181016,0.0552562,0.115665,0.0121152,0.596789,0.0764264,6.69793,1.58045,0.0370453,0.691964,0.490353,0.0596474,2.09294,0.776975,0.900241,2.00323,0.0829739,0.108209,0.0142132,0,0,0,0,0,0,0,0,0,0,0,0,0,0,0,0,0,0,0,0,0,0,0,0,0,0
5,600,27,27,0.31861,0.000430552,0.0446607,0.00916431,0.420478,0.0577782,0.285561,1.24032,0.0230585,0.0227248,0.333663,1.06574,0.201578,0.171246,0.11788,2.23162,0.0577511,0.107359,0.0078623,0,0,0,0,0,0,0,0,0,0,0,0,0,0,0,0,0,0,0,0,0,0,0,0,0,0
5,600,28,28,0.316996,8.85986e-05,0.0328136,0.00444479,0.291718,0.10131,0.0743563,2.11265,0.0524156,0.0248951,1.46529,0.485741,0.020207,0.23427,0.817775,2.06157,0.104167,0.00426595,0.00786391,0,0,0,0,0,0,0,0,0,0,0,0,0,0,0,0,0,0,0,0,0,0,0,0,0,0
5,600,29,29,0.277955,2.27935e-05,0.00876142,0.00495307,0.224492,0.0774845,0.0166472,1.59129,0.0359233,0.0150807,0.478553,0.608281,0.000615492,0.184858,0.902735,2.04676,0.078999,0.0130907,0.00786672,0,0,0,0,0,0,0,0,0,0,0,0,0,0,0,0,0,0,0,0,0,0,0,0,0,0
5,600,30,30,0.465219,5.96852e-05,0.0369058,0.0173787,0.775518,0.0811698,1.09105,1.64421,0.0383806,0.0659662,0.505436,0.248965,0.264822,0.336699,8.21837e-07,2.28806,0.0826451,0.0960497,0.00785999,0,0,0,0,0,0,0,0,0,0,0,0,0,0,0,0,0,0,0,0,0,0,0,0,0,0
5,600,31,31,0.390703,8.63693e-05,0.00413833,0.00248313,0.47353,0.0687095,0.370872,1.4398,0.0300472,0.0429319,0.30136,0.488807,0.0151571,0.279006,0.00783104,2.13617,0.0694361,0.0360725,0.00786543,0,0,0,0,0,0,0,0,0,0,0,0,0,0,0,0,0,0,0,0,0,0,0,0,0,0
5,600,32,32,0.170322,0.000387212,2.43913,0.241053,0.0317106,0.0712455,0.276803,1.8401,0.0318145,0.000365921,0.119787,0.21335,0.606482,0.146987,0.0497824,1.82548,0.0725307,0.398986,3.81503,0,0,0,0,0,0,0,0,0,0,0,0,0,0,0,0,0,0,0,0,0,0,0,0,0,0
5,600,33,33,0.404276,2.72154e-05,0.139059,0.00447361,0.527802,0.0694591,0.483401,1.51089,0.0305341,0.0468192,0.417988,1.16218,0.00197968,0.289681,1.63258e-05,2.16975,0.0702188,0.158155,0.00786506,0,0,0,0,0,0,0,0,0,0,0,0,0,0,0,0,0,0,0,0,0,0,0,0,0,0
5,600,34,34,0.161461,0.0142815,2.5441,0.0249617,0.348213,0.0398462,0.184629,1.1202,0.0124477,5.38461e-06,1.82108,0.00814107,0.184425,0.0185732,0.0222201,2.58645,0.0385444,0.0783857,0.258151,0,0,0,0,0,0,0,0,0,0,0,0,0,0,0,0,0,0,0,0,0,0,0,0,0,0
5,600,35,35,0.437416,1.62932e-06,0.271492,0.01135,0.645346,0.0835095,0.757731,1.82807,0.0399637,0.0575188,2.48667,1.75936,0.135046,0.313415,3.64756,2.21589,0.085113,1.51081,0.00786116,0,0,0,0,0,0,0,0,0,0,0,0,0,0,0,0,0,0,0,0,0,0,0,0,0,0
5,600,36,36,0.354356,0.000230352,0.00373179,2.83044e-07,0.359323,0.0746394,0.167171,1.53878,0.0339867,0.0333273,0.0991808,0.0877158,0.49887,0.253881,0.0522305,2.07085,0.0758471,0.051445,2.43098,0,0,0,0,0,0,0,0,0,0,0,0,0,0,0,0,0,0,0,0,0,0,0,0,0,0
5,600,37,37,0.412128,0.000149605,0.226154,0.00489684,0.518336,0.0517022,0.465154,1.15811,0.0193113,0.0479622,1.45223,0.000386484,0.419478,0.290566,0.325739,2.14078,0.0511934,0.145869,2.96877,0,0,0,0,0,0,0,0,0,0,0,0,0,0,0,0,0,0,0,0,0,0,0,0,0,0
5,600,38,38,0.0014137,0.00839921,0.692287,0.00150052,0.0762508,0.0554605,2.23213,1.31948,0.0219866,0.116579,0.321464,1.4468,0.00517556,0.0784707,0.0198564,1.89881,0.0564431,0.506945,0.00786535,0,0,0,0,0,0,0,0,0,0,0,0,0,0,0,0,0,0,0,0,0,0,0,0,0,0
5,600,39,39,0.116087,0.000591979,0.033112,0.00186578,0.0243711,0.0463243,0.311484,0.998588,0.0161745,0.00275824,2.68242,0.178438,0.345487,0.022716,0.0312779,1.96822,0.0457326,0.903909,1.87131,0,0,0,0,0,0,0,0,0,0,0,0,0,0,0,0,0,0,0,0,0,0,0,0,0,0
5,600,40,40,0.691358,0.00428353,0.00515647,0.0127142,0.998778,0.0589876,1.67253,1.21523,0.0237268,0.1463,17.9228,6.03602,0.264036,0.42532,0.04036,2.04614,0.0586633,0.192507,0.0475068,0,0,0,0,0,0,0,0,0,0,0,0,0,0,0,0,0,0,0,0,0,0,0,0,0,0
5,600,41,41,0.0537331,0.00303416,0.23832,0.0097522,0.808044,0.0492403,8.48185,1.13403,0.0185455,0.380932,0.282466,0.140515,0.254603,0.271672,0.0342193,1.35934,0.0510676,0.0859371,0.00787006,0,0,0,0,0,0,0,0,0,0,0,0,0,0,0,0,0,0,0,0,0,0,0,0,0,0
5,600,42,42,0.0434354,0.00392269,0.899027,0.000453593,6.04539e-05,0.0598036,0.822817,1.43363,0.024552,0.0307038,0.350619,0.474694,0.174017,0.002799,0.0806873,1.98796,0.0606233,0.145754,1.15919,0,0,0,0,0,0,0,0,0,0,0,0,0,0,0,0,0,0,0,0,0,0,0,0,0,0
5,600,43,43,0.425523,1.92034e-08,0.0248347,0.00911256,0.614465,0.104406,0.26197,2.10525,0.0545945,0.0551966,0.687469,0.339113,0.771284,0.306374,0.503936,2.21357,0.107346,0.224974,0.340146,0,0,0,0,0,0,0,0,0,0,0,0,0,0,0,0,0,0,0,0,0,0,0,0,0,0
5,600,44,44,0.393763,2.6505e-06,0.109936,0.00360036,0.513901,0.0642063,0.453015,1.39461,0.0271209,0.0433857,0.379647,0.155224,1.44003,0.280337,0.0335375,2.18066,0.0646034,0.308257,0.195985,0,0,0,0,0,0,0,0,0,0,0,0,0,0,0,0,0,0,0,0,0,0,0,0,0,0
5,600,45,45,0.116257,0.0180237,0.0602571,0.0298718,0.257408,0.0902353,0.0659976,1.91184,0.0448563,0.00256142,0.577634,0.284532,1.56411,0.00161472,0.0586161,2.57941,0.0928501,0.00827903,0.00785651,0,0,0,0,0,0,0,0,0,0,0,0,0,0,0,0,0,0,0,0,0,0,0,0,0,0
5,600,46,46,0.23478,0.000193302,0.0244024,0.0102826,0.209068,0.0589267,0.0151139,1.20685,0.0237817,0.00633846,2.29239,1.22163,0.469994,0.0684776,0.0191262,2.09636,0.0591007,0.0283173,0.00787011,0,0,0,0,0,0,0,0,0,0,0,0,0,0,0,0,0,0,0,0,0,0,0,0,0,0
5,600,47,47,0.416755,5.77587e-06,0.000359234,0.00637125,0.595414,0.0637764,0.632919,1.32481,0.0268322,0.0500184,0.304755,1.16586,0.53476,0.30157,0.0403477,2.22248,0.0640927,0.00213436,2.00174,0,0,0,0,0,0,0,0,0,0,0,0,0,0,0,0,0,0,0,0,0,0,0,0,0,0
5,600,48,48,0.284855,0.000411381,0.00251699,0.0194712,0.193746,0.0660583,0.00261612,1.36831,0.0283423,0.0162641,0.988064,0.000681631,0.00272441,0.210567,0.0457978,1.97345,0.0667269,0.0247775,0.00786601,0,0,0,0,0,0,0,0,0,0,0,0,0,0,0,0,0,0,0,0,0,0,0,0,0,0
5,600,49,49,0.343954,0.000484741,0.07982,0.000474138,0.311653,0.0581448,0.100533,1.25978,0.0232595,0.0297566,3.66144,2.78739,0.054811,0.244353,0.087655,2.02617,0.0581225,0.830748,0.510488,0,0,0,0,0,0,0,0,0,0,0,0,0,0,0,0,0,0,0,0,0,0,0,0,0,0
5,600,50,50,0.290833,0.000245785,0.10268,0.0023609,0.325527,0.0704515,0.126048,1.41383,0.0312357,0.0172049,0.425864,0.386887,0.00108899,0.161661,0.469256,2.17239,0.071424,0.919273,0.00824639,0,0,0,0,0,0,0,0,0,0,0,0,0,0,0,0,0,0,0,0,0,0,0,0,0,0
5,600,51,51,0.388347,0.000198689,2.21476,0.0025556,0.451936,0.0883868,0.330158,2.18707,0.0433179,0.0433608,0.146304,0.424468,0.0394151,0.275609,1.88524,2.10513,0.0904473,0.0708007,0.0078644,0,0,0,0,0,0,0,0,0,0,0,0,0,0,0,0,0,0,0,0,0,0,0,0,0,0
5,600,52,52,0.310231,0.00088116,0.118728,0.00574076,0.22026,0.0811476,0.0140802,1.62169,0.0383598,0.0225857,5.85407,3.52367,0.912398,0.221658,0.0571687,1.94916,0.0828674,3.56449,0.00786979,0,0,0,0,0,0,0,0,0,0,0,0,0,0,0,0,0,0,0,0,0,0,0,0,0,0
5,600,53,53,0.364477,7.28497e-05,0.00452829,9.71631e-06,0.467374,0.0612019,0.348655,1.26512,0.0252061,0.0351194,0.253173,0.580677,0.122884,0.271102,0.0421297,2.21057,0.0613731,0.178521,0.00786154,0,0,0,0,0,0,0,0,0,0,0,0,0,0,0,0,0,0,0,0,0,0,0,0,0,0
5,600,54,54,0.099664,0.00151943,0.0329992,2.88787e-06,0.0222042,0.0623153,0.322344,1.33423,0.0260685,0.00540245,0.367824,0.215573,0.18094,0.0100509,0.0431489,2.0105,0.0630829,0.0292704,0.724644,0,0,0,0,0,0,0,0,0,0,0,0,0,0,0,0,0,0,0,0,0,0,0,0,0,0
5,600,55,55,0.103954,0.017855,0.895689,0.00617514,0.719207,0.0482058,7.66888,1.20572,0.0181684,0.515978,0.277781,0.138256,0.000177593,0.516121,0.0337289,1.61683,0.050609,1.14922,0.0397765,0,0,0,0,0,0,0,0,0,0,0,0,0,0,0,0,0,0,0,0,0,0,0,0,0,0
5,600,56,56,0.0169517,4.71514e-06,0.259031,1.79269,0.126771,0.171774,2.89223,3.29334,0.105211,0.0553505,1.26979,0.0714681,0.00291615,0.059406,0.0684081,1.53674,0.178288,0.177204,0.00786071,0,0,0,0,0,0,0,0,0,0,0,0,0,0,0,0,0,0,0,0,0,0,0,0,0,0
5,600,57,57,0.372068,0.000173537,0.504993,0.000620815,0.410484,0.069536,0.25195,1.58214,0.0305953,0.037784,0.319274,0.0464094,0.0816058,0.265643,0.0483731,2.09833,0.0703478,0.115792,0.00786533,0,0,0,0,0,0,0,0,0,0,0,0,0,0,0,0,0,0,0,0,0,0,0,0,0,0
5,600,58,58,0.267441,0.000529769,2.17725,0.0308357,0.157767,0.0820184,0.00194215,2.04805,0.0389944,0.0132109,2.30182,1.3121,0.23782,0.199924,2.56488,1.93618,0.0838693,0.28742,0.00786949,0,0,0,0,0,0,0,0,0,0,0,0,0,0,0,0,0,0,0,0,0,0,0,0,0,0
5,600,base,base,0.411451,0.00237111,0.0103601,0.000222601,0.370158,0.0711419,0.185346,1.49716,0.0316226,0.0498169,0.0190847,0.000902472,0.00289396,0.27095,0.00401997,1.94654,0.0720979,0.0450037,0.00787278,0,0,0,0,0,0,0,0,0,0,0,0,0,0,0,0,0,0,0,0,0,0,0,0,0,0
